date,close,volume,Daily Return,Cumulative Return
2020-01-02,300.35001,33884314.0,,
2020-01-03,297.42999,36604600.0,-0.009722057275776463,-0.009722057275776463
2020-01-06,299.79999,29597401.0,0.007968261707570257,-0.001831263464915578
2020-01-07,298.39001,27864170.0,-0.004703068869348348,-0.0065257197760705266
2020-01-08,303.19,33060420.0,0.01608629591855304,0.00945560148308311
2020-01-09,309.63,42591634.0,0.02124080609518786,0.03089725217588657
2020-01-10,310.32999,35186623.0,0.002260730549365375,0.03322783308713739
2020-01-13,316.95999,30502330.0,0.021364354763134585,0.055302079064355913
2020-01-14,312.67999,40621057.0,-0.01350328159715053,0.041052037920691564
2020-01-15,311.34,30452727.0,-0.004285499689314909,0.03659060973562189
2020-01-16,315.23999,27627154.0,0.012526466242692935,0.04957542701596762
2020-01-17,318.73001,34420045.0,0.011070993879932711,0.061195270144989156
2020-01-21,316.57001,27674778.0,-0.006776895592605081,0.05400366059585027
2020-01-22,317.70001,25432169.0,0.003569510579982005,0.057765937813686996
2020-01-23,319.23001,26094188.0,0.004815863871077575,0.06285999457766045
2020-01-24,318.31,36599802.0,-0.0028819658903622702,0.05979686832705711
2020-01-27,308.95001,40414808.0,-0.029405265307404727,0.028633260241943237
2020-01-28,317.69,40519265.0,0.028289333928165128,0.05773261003054486
2020-01-29,324.34,54084956.0,0.02093235544083849,0.07987344498506999
2020-01-30,323.87,31655940.0,-0.0014490966269962158,0.07830860401835937
2020-01-31,309.51001,49774162.0,-0.04433874702812857,0.030497751606534784
2020-02-03,308.66,43429346.0,-0.002746308592733393,0.02766768677650533
2020-02-04,318.85001,34121782.0,0.033013704399663,0.06159480400883033
2020-02-05,321.45001,29676769.0,0.008154304276170476,0.07025137105871981
2020-02-06,325.20999,26335234.0,0.01169693539595773,0.08277003220342882
2020-02-07,320.03,29385908.0,-0.015928139230901306,0.06552352037544518
2020-02-10,321.54999,27300253.0,0.004749523482173501,0.0705842493562765
2020-02-11,319.60999,23553383.0,-0.006033276505466478,0.0641251185575129
2020-02-12,327.20001,28389294.0,0.023747755819522487,0.08939570203443714
2020-02-13,324.87,23664270.0,-0.007121057239576567,0.0816380528837013
2020-02-14,324.95001,20012702.0,0.00024628312863606006,0.08190444208741732
2020-02-18,319.0,38134455.0,-0.01831053951960182,0.062094188044142795
2020-02-19,323.62,23475508.0,0.014482758620689706,0.07747624180202362
2020-02-20,320.29999,25104231.0,-0.010258976577467438,0.06642243827459904
2020-02-21,313.04999,32382677.0,-0.022635030366376263,0.042283934000868495
2020-02-24,298.17999,55358969.0,-0.04750040081457918,-0.007224970626769189
2020-02-25,288.07999,57562282.0,-0.03387215889302286,-0.040852404166724754
2020-02-26,292.64999,49617890.0,0.015863649537060764,-0.02563682285211122
2020-02-27,273.51999,80001860.0,-0.06536818948806389,-0.08932917964610643
2020-02-28,273.35999,106327264.0,-0.0005849663858207288,-0.08986189146456125
2020-03-02,298.81,85232545.0,0.09310071309265133,-0.0051273845471150326
2020-03-03,289.32001,79720151.0,-0.03175927847126925,-0.036723820984723154
2020-03-04,302.73999,54708936.0,0.046384555288795815,0.007957316199190823
2020-03-05,292.92001,46806481.0,-0.032437009725738486,-0.024737805069491636
2020-03-06,289.03,56478313.0,-0.013280110157035785,-0.037689394450161284
2020-03-09,266.17001,71558828.0,-0.07909210116596888,-0.11380056221739387
2020-03-10,285.34,71270996.0,0.0720216000292444,-0.04997506076327374
2020-03-11,275.42999,64033461.0,-0.034730531996916,-0.08296993231330307
2020-03-12,248.23,104451482.0,-0.09875464178755544,-0.1735309081561206
2020-03-13,277.97,92561680.0,0.11980824235587972,-0.07451309890084523
2020-03-16,242.21001,80551692.0,-0.1286469403173005,-0.19357415703099157
2020-03-17,252.86,80907982.0,0.043970065481604204,-0.15811555990958637
2020-03-18,246.67,74920302.0,-0.02447994937910314,-0.1787248483860543
2020-03-19,244.78,67827866.0,-0.0076620586208293595,-0.18501750674155082
2020-03-20,229.24001,100272318.0,-0.06348553803415302,-0.23675710881447898
2020-03-23,224.37,83978689.0,-0.021244153671080346,-0.25297155808318383
2020-03-24,246.88,71791972.0,0.10032535543967547,-0.1780256641243323
2020-03-25,245.52,75687406.0,-0.00550874918988975,-0.1825537145811975
2020-03-26,258.44,63019408.0,0.05262300423590749,-0.13953723524097705
2020-03-27,247.74001,50970706.0,-0.04140222101841817,-0.17516230480564932
2020-03-30,254.81,41921042.0,0.028537941852831983,-0.15162313462216903
2020-03-31,254.28999,49168898.0,-0.00204077547976933,-0.15335448132663565
2020-04-01,240.91,43978002.0,-0.05261705346718526,-0.1979024738504248
2020-04-02,244.92999,41424453.0,0.01668668797476247,-0.18451812270623802
2020-04-03,241.41,32428323.0,-0.01437141282698784,-0.19623774941775374
2020-04-06,262.47,50353687.0,0.08723747980613905,-0.12611955631364813
2020-04-07,259.42999,50624293.0,-0.011582314169238606,-0.13624111415877704
2020-04-08,266.07001,42151786.0,0.025594650795769835,-0.11413350710392767
2020-04-09,267.98999,40446131.0,0.007216070687560583,-0.10774103187144823
2020-04-13,273.25,32689382.0,0.0196276360919303,-0.09022809754525973
2020-04-14,287.04999,48660844.0,0.05050316559926804,-0.0442817364980268
2020-04-15,284.42999,32742364.0,-0.009127330051465932,-0.053004892525223224
2020-04-16,286.69,39214816.0,0.0079457514307828,-0.045480304795061155
2020-04-17,282.79999,53719852.0,-0.013568697896682913,-0.0584318941757308
2020-04-20,276.92999,32441064.0,-0.020756719262967405,-0.07797575901528919
2020-04-21,268.37,45156556.0,-0.030910303358621327,-0.10647580800812917
2020-04-22,276.10001,29252005.0,0.02880355479375485,-0.08073913498454577
2020-04-23,275.03,31149011.0,-0.003875443539462453,-0.08430167856495052
2020-04-24,282.97,31580110.0,0.028869577864233165,-0.057865854574133735
2020-04-27,283.17001,29220803.0,0.0007068240449517038,-0.05719993150657676
2020-04-28,278.57999,27958780.0,-0.016209414266715516,-0.07248216838747445
2020-04-29,287.73001,34259132.0,0.0328452161980477,-0.04201764468061664
2020-04-30,293.79999,45665290.0,0.02109609630222442,-0.02180795665696711
2020-05-01,289.07001,59981883.0,-0.01609931981277457,-0.037556183201058024
2020-05-04,293.16,33386791.0,0.014148787001460272,-0.023938770636297346
2020-05-05,297.56,36900018.0,0.015008868877063541,-0.009289195628792046
2020-05-06,300.63,35531278.0,0.010317246941793146,0.0009322123878081623
2020-05-07,303.73999,28763784.0,0.01034490902438212,0.011286765064533633
2020-05-08,310.13,33480668.0,0.02103776325270834,0.03256197660855853
2020-05-11,315.01001,36442985.0,0.015735369038790248,0.0488097203659168
2020-05-12,311.41,40521030.0,-0.011428240010531665,0.03682367115619645
2020-05-13,307.64999,50052283.0,-0.012074146623422544,0.024304910128021273
2020-05-14,309.54001,39675660.0,0.006143409918524689,0.030597635072495244
2020-05-15,307.70999,42088376.0,-0.005912062870321644,0.02450467705994175
2020-05-18,314.95999,33792008.0,0.02356114599984216,0.04864318133367207
2020-05-19,313.14001,25387763.0,-0.005778448240362222,0.04258365098772665
2020-05-20,319.23001,27849957.0,0.01944816952646833,0.06285999457766023
2020-05-21,316.85001,25624947.0,-0.007455439418117327,0.05493590627814604
2020-05-22,318.89001,20427425.0,0.006438377578084964,0.06172798196344398
2020-05-26,316.73001,31335749.0,-0.0067734953503247874,0.05453637241430487
2020-05-27,318.10999,28195636.0,0.004356960049349157,0.05913094525949947
2020-05-28,318.25,33404262.0,0.0004401307862103021,0.05959710139513619
2020-05-29,317.94,38335152.0,-0.0009740769835034913,0.058564972246880176
2020-06-01,321.85001,20205496.0,0.012297949298609723,0.07158315060485654
2020-06-02,323.34,21840201.0,0.004629454571090319,0.07654399611972762
2020-06-03,325.12,26078609.0,0.005505041133172517,0.08247041510003661
2020-06-04,322.32001,21852179.0,-0.008612173966535352,0.07314799157156737
2020-06-05,331.5,34247522.0,0.0284809807495352,0.1037122988609196
2020-06-08,333.45999,23879017.0,0.005912488687782824,0.11023798534250151
2020-06-09,343.98999,36863265.0,0.031578001306843406,0.14529708189455426
2020-06-10,352.84,41542053.0,0.0257275218967854,0.17476273764732086
2020-06-11,335.89999,50300091.0,-0.04801045799795933,0.1183618405739364
2020-06-12,338.79999,49967115.0,0.00863352213853874,0.12801724228342848
2020-06-15,342.98999,34627938.0,0.012367178641297993,0.1419676330292119
2020-06-16,352.07999,41245513.0,0.026502231158407996,0.17223232321517212
2020-06-17,351.59,28554750.0,-0.001391700789357686,0.17060092656564296
2020-06-18,351.73001,24172267.0,0.0003982195170511016,0.17106708270127946
2020-06-19,349.72,66037459.0,-0.005714638907268532,0.16437485718745326
2020-06-22,358.87,33812912.0,0.02616378817339582,0.19483931430533374
2020-06-23,366.53,53182427.0,0.02134477666007184,0.22034289261385442
2020-06-24,360.06,48047118.0,-0.017652033939922984,0.19880135845509095
2020-06-25,364.84,34315020.0,0.013275565183580529,0.21471612403142637
2020-06-26,353.63,51207362.0,-0.03072579760991112,0.17739300225094112
2020-06-29,361.78,32566144.0,0.02304668721545111,0.20452801050347946
2020-06-30,364.79999,34978689.0,0.008347586931284123,0.214582912782324
2020-07-01,364.10999,27650340.0,-0.0018914474202699205,0.21228559306523787
2020-07-02,364.10999,28471206.0,0.0,0.21228559306523787
2020-07-06,373.85001,29631798.0,0.026750213582439786,0.24471449160264758
2020-07-07,372.69,28068497.0,-0.0031028754018221916,0.2408522976243621
2020-07-08,381.37,29211106.0,0.02329013389143797,0.269751913775532
2020-07-09,382.73001,31358769.0,0.0035661168943545984,0.2742799975268859
2020-07-10,383.67999,22534813.0,0.0024821152644916022,0.2774429073599838
2020-07-13,381.91,47813489.0,-0.004613193406307059,0.2715498161628169
2020-07-14,388.23001,42609536.0,0.016548427640019847,0.29259196628626793
2020-07-15,390.89999,38234631.0,0.006877314816543967,0.3014815281677541
2020-07-16,386.09,27597914.0,-0.01230491205691775,0.2854669124199469
2020-07-17,385.31,22992702.0,-0.0020202543448417654,0.2828699423049803
2020-07-20,393.42999,22536006.0,0.0210739145103942,0.3099050337970699
2020-07-21,388.0,25862305.0,-0.01380166773763225,0.2918261597527507
2020-07-22,389.09,22203435.0,0.002809278350515365,0.2954552590159736
2020-07-23,371.38,49127346.0,-0.045516461487059456,0.2364907196107644
2020-07-24,370.45999,46450141.0,-0.0024772739512090025,0.23342759336016106
2020-07-27,379.23999,30239896.0,0.023700265175734536,0.26266015439786483
2020-07-28,373.01001,26041459.0,-0.016427539722274398,0.2419177545557607
2020-07-29,380.16,22547440.0,0.019168359583701333,0.2657232806484684
2020-07-30,384.76001,39436618.0,0.012100194654882213,0.2810387787235309
2020-07-31,425.04001,93682818.0,0.10468863435157916,0.4151489790195122
2020-08-03,435.75,76862703.0,0.025197604338471624,0.4508073430728379
2020-08-04,438.66,43117998.0,0.006678141135972426,0.46049603927098337
2020-08-05,440.25,30448786.0,0.0036246751470385696,0.4657898629668771
2020-08-06,455.60999,50509031.0,0.034889244747302595,0.5169301642440436
2020-08-07,444.45001,49415453.0,-0.024494590208612332,0.47977358149580285
2020-08-10,450.91,53007760.0,0.0145347954880235,0.5012817878714244
2020-08-11,437.5,46866472.0,-0.029739859395444768,0.4566338785871864
2020-08-12,452.04001,41377100.0,0.03323430857142862,0.5050440983837499
2020-08-13,460.04001,52399817.0,0.01769754849797467,0.5316796893064868
2020-08-14,459.63,41296563.0,-0.00089124856770606,0.5303145819772079
2020-08-17,458.42999,29839065.0,-0.002610817396601628,0.5263192100443086
2020-08-18,462.25,26336505.0,0.008332809989154644,0.5390377380044045
2020-08-19,462.82999,36314447.0,0.0012547106544078535,0.5409687850518143
2020-08-20,473.10001,31665110.0,0.022189616537165113,0.5751622914878554
2020-08-21,497.48001,84280672.0,0.05153244448251004,0.6563342548248965
2020-08-24,503.42999,86159818.0,0.011960239367205805,0.6761444089847046
2020-08-25,499.29999,52733324.0,-0.008203722626854204,0.6623937851708417
2020-08-26,506.09,40657799.0,0.013599058954517407,0.6850007762610033
2020-08-27,500.04001,38758679.0,-0.011954375703926101,0.6648576439201721
2020-08-28,499.23001,46822040.0,-0.0016198703779723989,0.6621607903392448
2020-08-31,129.03999,225554025.0,-0.7415219690018234,-0.570367951710739
2020-09-01,134.17999,152742024.0,0.03983261313023978,-0.5532545845428805
2020-09-02,131.39999,200042069.0,-0.020718439463291105,-0.5625104523885316
2020-09-03,120.88,257061551.0,-0.0800608127900162,-0.5975362211574422
2020-09-04,120.96,331572938.0,0.0006618133686300265,-0.5972698652482149
2020-09-08,112.82,230760176.0,-0.0672949735449736,-0.6243715790120999
2020-09-09,117.32,176645422.0,0.039886544938840585,-0.6093890591180604
2020-09-10,113.49,181999025.0,-0.03264575519945445,-0.6221408482723207
2020-09-11,112.0,180659530.0,-0.013128910036126484,-0.6271017270816805
2020-09-14,115.355,139845699.0,0.029955357142857242,-0.6159314261384576
2020-09-15,115.54,184316212.0,0.0016037449612067434,-0.6153154780983693
2020-09-16,112.13,154909387.0,-0.029513588367664934,-0.626668898729186
2020-09-17,110.34,177537942.0,-0.015963613662712817,-0.6326286121981484
2020-09-18,106.84,286945799.0,-0.03172013775602678,-0.6442816832268459
2020-09-21,110.08,195573445.0,0.030325720703856085,-0.6334942689031373
2020-09-22,111.81,182946738.0,0.015715843023255793,-0.6277343223660955
2020-09-23,107.12,150589442.0,-0.0419461586620159,-0.6433494375445501
2020-09-24,108.22,167427193.0,0.01026885735623595,-0.6396870437926738
2020-09-25,112.28,149848521.0,0.03751617076326008,-0.6261694813993847
2020-09-28,114.96,137599239.0,0.02386889918061974,-0.6172465584402678
2020-09-29,114.09,100031912.0,-0.007567849686847539,-0.6201431789531153
2020-09-30,115.81,142573119.0,0.015075817337189878,-0.6144165269047269
2020-10-01,116.79,116058577.0,0.008462136257663344,-0.6111536670166917
2020-10-02,113.02,144577195.0,-0.032280160972686156,-0.6237056892390316
2020-10-05,116.5,106183097.0,0.03079101044062993,-0.6121192071876409
2020-10-06,113.16,161415506.0,-0.028669527896995728,-0.6232395663978837
2020-10-07,115.08,96819022.0,0.016967126193001114,-0.6168470245764268
2020-10-08,114.97,83419922.0,-0.0009558567952728803,-0.6172132639516144
2020-10-09,116.97,100478282.0,0.017395842393667982,-0.6105543662209301
2020-10-12,124.4,240156702.0,0.06352056082756263,-0.5858165611514381
2020-10-13,121.1,262171031.0,-0.026527331189710734,-0.5968037424070671
2020-10-14,121.19,150979103.0,0.0007431874483898593,-0.5965040920091863
2020-10-15,120.71,112515577.0,-0.003960722831916841,-0.5981022274645506
2020-10-16,119.02,115357841.0,-0.01400049705906714,-0.6037289960469787
2020-10-19,115.98,120572523.0,-0.0255419257267685,-0.6138505205976188
2020-10-20,117.51,124359954.0,0.013191929643041833,-0.6087564638336453
2020-10-21,116.87,89876210.0,-0.0054463449919155416,-0.6108873111074644
2020-10-22,115.75,101940212.0,-0.009583297681184266,-0.6146162938366475
2020-10-23,115.04,82697840.0,-0.006133909287256989,-0.6169802025310405
2020-10-26,115.05,111788864.0,8.692628650885936e-05,-0.616946908042387
2020-10-27,116.6,92236302.0,0.013472403302911662,-0.6117862623011068
2020-10-28,111.2,143853670.0,-0.046312178387650005,-0.6297652861739543
2020-10-29,115.32,146025301.0,0.03705035971223003,-0.6160479568487448
2020-10-30,108.86,190345505.0,-0.05601803676725625,-0.637556196518855
2020-11-02,108.77,122778723.0,-0.0008267499540695056,-0.6378558469167358
2020-11-03,110.44,107553090.0,0.015353498207226313,-0.6322956673116145
2020-11-04,114.95,138138974.0,0.04083665338645415,-0.6172798529289214
2020-11-05,119.03,126310647.0,0.03549369290996074,-0.6036957015583255
2020-11-06,118.69,114409778.0,-0.002856422750567078,-0.6048277141725418
2020-11-09,116.32,154379369.0,-0.01996798382340559,-0.6127185079834028
2020-11-10,115.97,135799280.0,-0.0030089408528197747,-0.6138838150862724
2020-11-11,119.49,112247789.0,0.030352677416573215,-0.6021641550802681
2020-11-12,119.21,103416642.0,-0.0023432923257176164,-0.6030964007625639
2020-11-13,119.26,81647331.0,0.0004194279003439938,-0.6029299283192968
2020-11-16,120.3,91110703.0,0.008720442730169253,-0.599467301499341
2020-11-17,119.39,74258839.0,-0.0075644222776392045,-0.6024970999668022
2020-11-18,118.03,76042019.0,-0.01139123879721915,-0.6070251504236676
2020-11-19,118.64,74133445.0,0.005168177581970745,-0.6049941866158088
2020-11-20,117.34,73549402.0,-0.010957518543492917,-0.6093224701407536
2020-11-23,113.85,127821075.0,-0.02974262825975804,-0.6209422466807977
2020-11-24,115.17,113784471.0,0.011594202898550732,-0.6165473741785461
2020-11-25,116.03,76418915.0,0.007467222366935866,-0.6136840481543518
2020-11-27,116.59,46657288.0,0.004826338016030274,-0.6118195567897603
2020-11-30,119.05,169242194.0,0.021099579723818485,-0.6036291125810187
2020-12-01,122.72,127991618.0,0.030827383452330936,-0.591410035245213
2020-12-02,123.08,88942532.0,0.002933507170795213,-0.5902114336536899
2020-12-03,122.94,78855661.0,-0.0011374715632109789,-0.5906775564948379
2020-12-04,122.25,78131082.0,-0.005612493899463167,-0.5929748762119239
2020-12-07,123.75,86661259.0,0.012269938650306678,-0.5879807029139108
2020-12-08,124.38,82138626.0,0.005090909090909035,-0.5858831501287451
2020-12-09,121.78,115185526.0,-0.0209036822640295,-0.5945397171786347
2020-12-10,123.24,81255400.0,0.011988832320578124,-0.5896787218352353
2020-12-11,122.41,86803288.0,-0.006734826355079493,-0.5924421643934692
2020-12-14,121.78,79203119.0,-0.005146638346540278,-0.5945397171786347
2020-12-15,127.88,157265881.0,0.050090326818853725,-0.5742300791000476
2020-12-16,127.81,98119593.0,-0.0005473881764153088,-0.5744631405206215
2020-12-17,128.7,94296037.0,0.006963461387997638,-0.5714999310304671
2020-12-18,126.655,192458161.0,-0.015889665889665783,-0.5783086539600918
2020-12-21,128.23,121045980.0,0.012435355888042121,-0.573064771997178
2020-12-22,131.88,169237476.0,0.02846447789128903,-0.5609122836386793
2020-12-23,130.96001,88169905.0,-0.006975962996663476,-0.5639753433003054
2020-12-24,131.97,54892884.0,0.007712201610247105,-0.5606126332407986
2020-12-28,136.69,124412013.0,0.03576570432674098,-0.5448976345963836
2020-12-29,134.87,120941073.0,-0.013314799912210074,-0.5509572315313063
2020-12-30,133.72,95485520.0,-0.008526729443167569,-0.5547860977264498
2020-12-31,132.69,99039105.0,-0.00770266227938976,-0.5582154300577522
2021-01-04,129.41,143186134.0,-0.02471927048006628,-0.5691360223360744
2021-01-05,131.00999,97570488.0,0.012363727687195736,-0.5638089374460156
2021-01-06,126.6,154976358.0,-0.03366147879257142,-0.5784917736476858
2021-01-07,130.92,109524093.0,0.034123222748815074,-0.5641085545494078
2021-01-08,132.05,105069120.0,0.008631225175679935,-0.560346277331571
2021-01-11,128.98,100572235.0,-0.023248769405528336,-0.5705676853481716
2021-01-12,128.8,91934932.0,-0.0013955652039073785,-0.571166986143933
2021-01-13,130.89,88570905.0,0.01622670807453397,-0.564208438015368
2021-01-14,128.91,90068223.0,-0.015127206050882358,-0.5708007467687455
2021-01-15,127.14,113824189.0,-0.013730509657900791,-0.576693871260401
2021-01-19,127.83,90721126.0,0.005427088249174039,-0.5743965515433149
2021-01-20,132.03,104266089.0,0.032856137057028834,-0.560412866308878
2021-01-21,136.87,120558946.0,0.036658335226842365,-0.5442983338006221
2021-01-22,139.07001,114389452.0,0.016073719587930135,-0.5369735130023807
2021-01-25,142.92,157582465.0,0.02768382629727273,-0.5241551681653023
2021-01-26,143.16,98344597.0,0.0016792611251050804,-0.5233561004376202
2021-01-27,142.06,142354672.0,-0.007683710533668564,-0.5270184941894964
2021-01-28,137.09,142513841.0,-0.03498521751372663,-0.5435658550502469
2021-01-29,131.96001,177453210.0,-0.037420599606098115,-0.5606458944349633
2021-02-01,134.14,106188262.0,0.016520080591081898,-0.5533877292030063
2021-02-02,134.99001,83261091.0,0.006336737736693188,-0.5505576643729766
2021-02-03,133.94,89846834.0,-0.0077784274554836275,-0.5540536189760745
2021-02-04,137.39,84143094.0,0.025757802000895946,-0.5425670203906442
2021-02-05,136.75999,75841114.0,-0.004585559356576119,-0.5446646064702984
2021-02-08,136.91,71251676.0,0.0010968851343144959,-0.5441651558460083
2021-02-09,136.00999,76741441.0,-0.006573734570155643,-0.5471616931193051
2021-02-10,135.39,73006258.0,-0.004558415157592477,-0.5492259181213285
2021-02-11,135.13,64374429.0,-0.00192037816677737,-0.5500915748263173
2021-02-12,135.37,60094459.0,0.0017760674905646923,-0.5492925070986352
2021-02-16,133.19,80509624.0,-0.016104011228484927,-0.5565507056250811
2021-02-17,130.84,98053909.0,-0.017643967264809657,-0.5643749104586351
2021-02-18,129.71001,97162779.0,-0.008636426169367106,-0.5681371543819831
2021-02-19,129.87,87585271.0,0.001233443741157636,-0.567604475858017
2021-02-22,126.0,103812090.0,-0.02979902979902982,-0.5804894429668911
2021-02-23,125.86,158135137.0,-0.0011111111111110628,-0.580955565808039
2021-02-24,125.35,110976944.0,-0.0040521214047354315,-0.5826535847293635
2021-02-25,120.99,148045165.0,-0.034782608695652195,-0.5971699817822551
2021-02-26,121.26,164264783.0,0.002231589387552857,-0.5962710305886127
2021-03-01,127.79,116182712.0,0.05385122876463799,-0.5745297294979286
2021-03-02,125.12,102197605.0,-0.020893653650520427,-0.5834193579683922
2021-03-03,122.06,112878055.0,-0.024456521739130488,-0.5936074714963391
2021-03-04,120.13,178012291.0,-0.015811895788956254,-0.6000333078064495
2021-03-05,121.42,153612894.0,0.010738366769333263,-0.595738318770158
2021-03-08,116.36,154275852.0,-0.04167352989622797,-0.6125853300287892
2021-03-09,121.085,129396599.0,0.04060673771055345,-0.5968536841400476
2021-03-10,119.98,111859318.0,-0.009125820704463772,-0.6005327251362507
2021-03-11,121.96,102938841.0,0.016502750458409654,-0.5939404163828732
2021-03-12,121.03,88049545.0,-0.007625450967530312,-0.5970368038276415
2021-03-15,123.99,92554930.0,0.02445674626125749,-0.5871816351862288
2021-03-16,125.57,115148387.0,0.012742963142188923,-0.5819211059789882
2021-03-17,124.76,111850179.0,-0.0064505853308910455,-0.5846179595599152
2021-03-18,120.53,121360054.0,-0.033905097787752525,-0.5987015282603125
2021-03-19,119.99,185471502.0,-0.004480212395254313,-0.6004994306475973
2021-03-22,123.39,111853557.0,0.0283356946412201,-0.5891793045054341
2021-03-23,122.54,95406081.0,-0.006888726801199452,-0.5920093360409748
2021-03-24,120.09,88498035.0,-0.019993471519503814,-0.6001664857610631
2021-03-25,120.59,98796267.0,0.004163544008660258,-0.598501761328392
2021-03-26,121.21,93985444.0,0.005141388174807027,-0.5964375030318798
2021-03-29,121.39,80783396.0,0.0014850259879548577,-0.5958382022361183
2021-03-30,119.9,85639493.0,-0.012274487190048533,-0.600799081045478
2021-03-31,122.15,118233891.0,0.018765638031693177,-0.5933078210984581
2021-04-01,123.0,75009453.0,0.0069586573884568015,-0.5904777895629174
2021-04-05,125.9,88607585.0,0.02357723577235782,-0.5808223878534251
2021-04-06,126.21,80113038.0,0.0024622716441620174,-0.5797902587051691
2021-04-07,127.9,83423902.0,0.013390381110847116,-0.5741634901227408
2021-04-08,130.36,88836712.0,0.019233776387802992,-0.5659730459139991
2021-04-09,132.995,106616806.0,0.0202132555998773,-0.5571999481538226
2021-04-12,131.24001,91379660.0,-0.013195909620662416,-0.5630430976180094
2021-04-13,134.42999,91200523.0,0.024306459592619678,-0.5524222223265454
2021-04-14,132.03,87172478.0,-0.0178530847171825,-0.5604128663088778
2021-04-15,134.5,89274299.0,0.018707869423615797,-0.5521891276114828
2021-04-16,134.16,84872857.0,-0.002527881040892188,-0.553321140225699
2021-04-19,134.84,94233786.0,0.005068574836016637,-0.5510571149972664
2021-04-20,133.11,94749966.0,-0.012830020765351446,-0.5568170615343082
2021-04-21,133.5,68809932.0,0.0029299075952218256,-0.5555185764768249
2021-04-22,131.94,84506870.0,-0.01168539325842699,-0.5607125167067586
2021-04-23,134.32001,78761275.0,0.018038578141579498,-0.5527883951127557
2021-04-26,134.72,66862409.0,0.0029778884024800334,-0.5514566488611075
2021-04-27,134.39,65940835.0,-0.0024495249406176756,-0.5525553669866705
2021-04-28,133.58,107719664.0,-0.006027234169208806,-0.5552522205675975
2021-04-29,133.48,150986138.0,-0.0007486150621351939,-0.5555851654541317
2021-04-30,131.46001,109796210.0,-0.015133278393766658,-0.5623106188676341
2021-05-03,132.53999,75091924.0,0.008215273983319893,-0.5587148806820421
2021-05-04,127.85,137435341.0,-0.0353854712075955,-0.574329962566008
2021-05-05,128.10001,83940839.0,0.0019554947203754836,-0.5734975670551838
2021-05-06,129.74001,78537744.0,0.012802497048985506,-0.5680372709160226
2021-05-07,130.21001,79293895.0,0.00362262959591253,-0.5664724299493118
2021-05-10,126.85,88012052.0,-0.025804544520041217,-0.5776594114313501
2021-05-11,125.91,126018194.0,-0.00741032715806067,-0.5807890933647717
2021-05-12,122.77,112102027.0,-0.02493844809784762,-0.591243562801946
2021-05-13,124.97,105797826.0,0.01791968722000492,-0.5839187752981934
2021-05-14,127.45,81863139.0,0.019844762743058464,-0.5756617421121448
2021-05-17,126.27,74211768.0,-0.009258532757944304,-0.5795904917732485
2021-05-18,124.85,63296379.0,-0.011245743248594287,-0.5843183091620343
2021-05-19,124.69,92520046.0,-0.0012815378454145154,-0.5848510209804891
2021-05-20,127.31,76812687.0,0.021012110032881504,-0.5761278649532928
2021-05-21,125.43,79269170.0,-0.014767103919566371,-0.5823872288201359
2021-05-24,127.1,63077553.0,0.013314199154907058,-0.5768270492150146
2021-05-25,126.9,71980547.0,-0.0015735641227379027,-0.577492938988083
2021-05-26,126.85,56550481.0,-0.00039401103230896073,-0.57765941143135
2021-05-27,125.28,94585371.0,-0.012376823019314087,-0.5828866461499371
2021-05-28,124.61,71234781.0,-0.00534802043422733,-0.5851173768897164
2021-06-01,124.28,67592932.0,-0.002648262579247218,-0.5862160950152793
2021-06-02,125.06,59257915.0,0.006276150627614996,-0.5836191249003124
2021-06-03,123.54,76181492.0,-0.012154166000319822,-0.5886798871756325
2021-06-04,125.89,75120692.0,0.01902217905131942,-0.5808556823420785
2021-06-07,125.9,71020914.0,7.943442688063129e-05,-0.5808223878534251
2021-06-08,126.74,74349190.0,0.006671961874503474,-0.5780256508065378
2021-06-09,127.13,56857821.0,0.003077165851349317,-0.5767271657490542
2021-06-10,126.11,71146464.0,-0.008023283253362656,-0.5801232035917032
2021-06-11,127.35,53473755.0,0.009832685750535308,-0.575994686998679
2021-06-14,130.48,96888867.0,0.024577934825284586,-0.5655735120501582
2021-06-15,129.64,62712410.0,-0.006437768240343367,-0.5683702490970455
2021-06-16,130.14999,91785628.0,0.003933893859919824,-0.5666722634702096
2021-06-17,131.78999,96651607.0,0.012600846146818556,-0.5612119673310486
2021-06-18,130.46001,108884951.0,-0.010091661741532754,-0.5656400677329763
2021-06-21,132.3,79620300.0,0.014103862172017312,-0.5595139151152355
2021-06-22,133.98,74742961.0,0.012698412698412431,-0.5539204410214608
2021-06-23,133.7,60199807.0,-0.002089864158829724,-0.5548526867037566
2021-06-24,133.41,68756931.0,-0.002169035153328336,-0.5558182268747058
2021-06-25,133.11,70747292.0,-0.0022487069934786774,-0.5568170615343084
2021-06-28,134.78,62087450.0,0.012546014574412068,-0.5512568819291871
2021-06-29,136.33,64595415.0,0.011500222584953423,-0.5460962361879067
2021-06-30,136.96001,63214977.0,0.004621213232597343,-0.5439986501082525
2021-07-01,137.27,52462270.0,0.002263361400163477,-0.542966554254485
2021-07-02,139.96001,78938035.0,0.0195964886719604,-0.5340103035122261
2021-07-06,142.02,108088222.0,0.014718418496826313,-0.5271516721441099
2021-07-07,144.57001,104833605.0,0.01795528798760726,-0.5186615442429989
2021-07-08,143.24001,105674698.0,-0.009199695012817588,-0.5230897112339039
2021-07-09,145.11,99822968.0,0.013054941842017387,-0.5168636751502027
2021-07-12,144.5,76237203.0,-0.004203707532216994,-0.5188946389580615
2021-07-13,145.64,100780097.0,0.007889273356401327,-0.5150990672515714
2021-07-14,149.14999,126884309.0,0.02410045317220555,-0.5034127350287092
2021-07-15,148.48,106631716.0,-0.004492055279387008,-0.5056434324739998
2021-07-16,146.39,93174841.0,-0.014075969827586188,-0.5126019806025648
2021-07-19,142.45,121334242.0,-0.02691440672177059,-0.5257200091320129
2021-07-20,146.14999,96948375.0,0.02597395577395578,-0.5134010816247356
2021-07-21,145.39999,74917788.0,-0.005131714343600047,-0.5158981682737422
2021-07-22,146.8,77295890.0,0.009628680167034442,-0.5112369065677745
2021-07-23,148.56,71381299.0,0.011989100817438647,-0.5053770765647725
2021-07-26,148.99001,72377991.0,0.00289452073236407,-0.5039453802581866
2021-07-27,146.77,104694666.0,-0.014900394999637911,-0.5113367900337349
2021-07-28,144.98,118770829.0,-0.012195952851400294,-0.5172965035026973
2021-07-29,145.64,56645669.0,0.004552352048558417,-0.5150990672515716
2021-07-30,145.86,70363631.0,0.0015105740181271532,-0.5143665885011961
2021-08-02,145.52,62783650.0,-0.002331002331002363,-0.5154986011154126
2021-08-03,147.36,64747454.0,0.01264431006047273,-0.509372415203183
2021-08-04,146.95,56341525.0,-0.0027823018458199567,-0.5107374892379734
2021-08-05,147.06,46344581.0,0.0007485539299081356,-0.5103712498627857
2021-08-06,146.14,54066445.0,-0.00625594995240053,-0.5134343428189005
2021-08-09,146.09,48856850.0,-0.0003421376762008377,-0.5136008152621676
2021-08-10,145.60001,68943826.0,-0.0033540283386953584,-0.5152322119116965
2021-08-11,145.86,48455755.0,0.0017856454817553047,-0.5143665885011962
2021-08-12,148.89,73725143.0,0.020773344302755792,-0.5042783584392097
2021-08-13,149.10001,59326874.0,0.0014105043992209687,-0.503579140882999
2021-08-16,151.12,103488702.0,0.01354788641529936,-0.49685368746949665
2021-08-17,150.19,92171570.0,-0.0061540497617788015,-0.4999500749142649
2021-08-18,146.36,86265739.0,-0.025501032026100212,-0.5127018640685252
2021-08-19,146.7,86441784.0,0.0023230390817161606,-0.511569851454309
2021-08-20,148.19,60538324.0,0.010156782549420651,-0.5066089726449492
2021-08-23,149.71001,60096323.0,0.010257169849517522,-0.5015481770751404
2021-08-24,149.62,48578155.0,-0.0006012290026565781,-0.50184786076751
2021-08-25,148.36,58908699.0,-0.00842133404625045,-0.506042966337841
2021-08-26,147.53999,48554942.0,-0.005527163655972167,-0.5087731477019104
2021-08-27,148.60001,55732411.0,0.007184628384480751,-0.5052438653156703
2021-08-30,153.12,90879005.0,0.030417158114592446,-0.4901947897388125
2021-08-31,151.83,86347830.0,-0.0084247648902821,-0.4944897787751038
2021-09-01,152.50999,80387213.0,0.004478627412237257,-0.4922257868411599
2021-09-02,153.64999,71174677.0,0.007474920167524823,-0.4884302151346699
2021-09-03,154.3,57805643.0,0.004230459110345697,-0.4862660400777088
2021-09-07,156.69,82231703.0,0.01548930654569003,-0.4783086572895412
2021-09-08,155.11,74347440.0,-0.010083604569532056,-0.4835691864967817
2021-09-09,154.07001,57267414.0,-0.0067048546193025915,-0.487031780022249
2021-09-10,148.97,140722608.0,-0.033101899584481065,-0.5040120025299826
2021-09-13,149.55,102341812.0,0.0038934013559777103,-0.5020809221880841
2021-09-14,148.12,109224221.0,-0.009562019391507914,-0.5068420340655233
2021-09-15,149.03,83271181.0,0.0061436672967862815,-0.5038122355980621
2021-09-16,148.78999,67962033.0,-0.0016104811111857797,-0.5046113366202329
2021-09-17,146.06,129777475.0,-0.018347941282877867,-0.5137006987281283
2021-09-20,142.94,123375198.0,-0.02136108448582774,-0.5240885791879957
2021-09-21,143.42999,75788396.0,0.0034279417937597145,-0.5224571825384666
2021-09-22,145.85001,76343549.0,0.016872482526143928,-0.5143998496953613
2021-09-23,146.83,64776884.0,0.006719163063478861,-0.5111370231018146
2021-09-24,146.92,53413356.0,0.0006129537560441989,-0.5108373727039339
2021-09-27,145.37,74110174.0,-0.010549959161448297,-0.5159980184452142
2021-09-28,141.91,108864475.0,-0.023801334525693107,-0.527517911519298
2021-09-29,142.83,74535495.0,0.006482982171799101,-0.5244548185631832
2021-09-30,141.5,88991097.0,-0.009311769236154954,-0.5288829855540883
2021-10-01,142.64999,94632013.0,0.00812713780918739,-0.5250541526534335
2021-10-04,139.14,98233554.0,-0.02460560985668503,-0.5367404848762958
2021-10-05,141.11,80765889.0,0.01415840160988946,-0.5301814706115717
2021-10-06,142.0,83182053.0,0.006307136276663572,-0.5272182611214172
2021-10-07,143.28999,61683766.0,0.00908443661971825,-0.5229233053796145
2021-10-08,142.89999,58732359.0,-0.002721753278089989,-0.5242217904370979
2021-10-11,142.81,64409225.0,-0.0006297411217454085,-0.52452140754049
2021-10-12,141.50999,72992091.0,-0.009103074014424895,-0.5288497243599235
2021-10-13,140.91,78699269.0,-0.004239912673303037,-0.5308473603846402
2021-10-14,143.75999,69868960.0,0.020225604996096713,-0.5213584644129037
2021-10-15,144.84,67882736.0,0.007512590951070708,-0.5177626263438455
2021-10-18,146.55,85520711.0,0.011806130903065482,-0.5120692687841104
2021-10-19,148.75999,76319203.0,0.015080109177754819,-0.5047112200861932
2021-10-20,149.25999,58349082.0,0.0033611188062059316,-0.5030464956535221
2021-10-21,149.48,61372242.0,0.0014740051905404172,-0.5023139836086581
2021-10-22,148.69,58844524.0,-0.005284987958255272,-0.5049442482122783
2021-10-25,148.64,50665802.0,-0.00033627009213810233,-0.5051107206555455
2021-10-26,149.32001,60856608.0,0.004574878902045221,-0.5028466621326242
2021-10-27,148.85001,56018893.0,-0.0031476022537100246,-0.504411503099335
2021-10-28,152.57001,99895443.0,0.024991600605199782,-0.49202595332026233
2021-10-29,149.8,124788972.0,-0.018155665061567405,-0.5012485599717487
2021-11-01,148.96001,74546510.0,-0.005607409879839764,-0.5040452637241474
2021-11-02,150.02,69163103.0,0.007115936686631574,-0.5005160812213734
2021-11-03,151.49001,54477748.0,0.009798760165311338,-0.4956217580948318
2021-11-04,150.96001,60372749.0,-0.0034985805334621922,-0.4973863659934631
2021-11-05,151.28,65983920.0,0.0021197004425210775,-0.4963209756510423
2021-11-08,150.44,55011077.0,-0.005552617662612391,-0.4991177126979297
2021-11-09,150.81,56749294.0,0.0024594522733316637,-0.4978858166177531
2021-11-10,147.92,65116587.0,-0.01916318546515494,-0.507507923838592
2021-11-11,147.87,41008899.0,-0.0003380205516494428,-0.5076743962818591
2021-11-12,149.99001,63758763.0,0.01433698518969373,-0.500615931392845
2021-11-15,150.0,59227893.0,6.660443585526643e-05,-0.5005826701986803
2021-11-16,151.0,59211851.0,0.006666666666666599,-0.49725322133333816
2021-11-17,153.49001,88679848.0,0.016490132450331263,-0.4889628603641475
2021-11-18,157.87,137733097.0,0.028535993971203766,-0.4743799076284376
2021-11-19,160.55,117117845.0,0.016975992905555293,-0.4654569846693206
2021-11-22,161.02,117335030.0,0.0029274369355341,-0.4638921437026098
2021-11-23,161.41,95930202.0,0.002422059371506524,-0.46259365864512647
2021-11-24,161.94,69284846.0,0.0032835635958119447,-0.46082905074649516
2021-11-26,156.81,76877971.0,-0.03167839940718786,-0.47790912342570036
2021-11-29,160.24001,88631503.0,0.02187366877112429,-0.46648908052308824
2021-11-30,165.3,173817074.0,0.03157756917264298,-0.44964210255894566
2021-12-01,164.77,152282885.0,-0.003206291591046573,-0.45140671045757697
2021-12-02,163.75999,136615294.0,-0.006129817321114395,-0.45476948710606124
2021-12-03,161.84,117977597.0,-0.011724414492208846,-0.4611619956330294
2021-12-06,165.32001,107373083.0,0.021502780523974252,-0.4495754802871501
2021-12-07,171.17999,120301626.0,0.03544628384670445,-0.43006497652522246
2021-12-08,175.08,116839737.0,0.02278309515031518,-0.4170800926558995
2021-12-09,174.56,108871418.0,-0.002970070824765858,-0.4188114060658774
2021-12-10,179.45,115291867.0,0.02801329055911994,-0.40253040111435445
2021-12-13,175.74001,153244744.0,-0.020674226804123563,-0.414882623110285
2021-12-14,174.33,139273210.0,-0.008023272560414685,-0.4195771793049061
2021-12-15,179.3,130935345.0,0.028509149314518423,-0.40302981844415575
2021-12-16,172.25999,150252552.0,-0.03926385945343014,-0.42646917175065313
2021-12-17,171.14,195885993.0,-0.00650174193090336,-0.4301981211853476
2021-12-20,169.75,107442539.0,-0.008122005375715724,-0.4348260551081732
2021-12-21,172.99001,91129037.0,0.019086951399116314,-0.424038607489976
2021-12-22,175.64,92097909.0,0.01531874586283899,-0.4152156012913081
2021-12-23,176.28,68298084.0,0.0036438168982009245,-0.4130847540174891
2021-12-27,180.33,74907225.0,0.022974812797821764,-0.39960048611285337
2021-12-28,179.28999,79118832.0,-0.0057672600232907545,-0.4030631462272979
2021-12-29,179.38,62323932.0,0.0005020358359102417,-0.40276346253492845
2021-12-30,178.2,59723838.0,-0.006578213847697634,-0.40669221219603213
2021-12-31,177.57001,64032815.0,-0.0035352974186306785,-0.40878973168670896
2022-01-03,182.00999,104656435.0,0.025004109646668438,-0.3940070453135671
2022-01-04,179.7,99155535.0,-0.012691556106343427,-0.4016980388980188
2022-01-05,174.92,94423171.0,-0.02659988870339458,-0.4176128044743542
2022-01-06,172.0,96820640.0,-0.01669334552938484,-0.42733479516115325
2022-01-07,172.17,87650955.0,0.000988372093023271,-0.4267687888540451
2022-01-10,172.19,106792948.0,0.00011616425625837756,-0.4267021998767383
2022-01-11,175.08,76089880.0,0.016783785353388758,-0.4170800926558995
2022-01-12,175.53,74738392.0,0.0025702535983549435,-0.4155818406664956
2022-01-13,172.19,84433750.0,-0.019028086367002817,-0.4267021998767383
2022-01-14,173.07001,80382571.0,0.005110691677797874,-0.4237722515807485
2022-01-18,169.8,91066563.0,-0.018894145785280703,-0.4346595826649059
2022-01-19,166.23,94773791.0,-0.02102473498233226,-0.4465457151141774
2022-01-20,164.50999,91345534.0,-0.010347169584310922,-0.4522724004570545
2022-01-21,162.41,122710154.0,-0.012765121437306015,-0.4592642097797843
2022-01-24,161.62,162508667.0,-0.004864232497998833,-0.4618944743834046
2022-01-25,159.78,115737828.0,-0.011384729612671673,-0.46802066029563405
2022-01-26,159.69,108155217.0,-0.0005632745024408692,-0.4683203106935149
2022-01-27,159.22,121801782.0,-0.0029432024547560998,-0.4698851516602257
2022-01-28,170.33,179698882.0,0.0697776661223466,-0.4328949747662746
2022-01-31,174.78,115404263.0,0.026125755885633595,-0.4180789273155022
2022-02-01,174.61,86134229.0,-0.000972651333104424,-0.41864493362261035
2022-02-02,175.84,84860558.0,0.007044270087623872,-0.4145497115182395
2022-02-03,172.89999,89325359.0,-0.016719802092811653,-0.42433832447683406
2022-02-04,172.39,82412611.0,-0.0029496242307476273,-0.42603631010366994
2022-02-07,171.66,77209613.0,-0.004234584372643346,-0.4284668077753696
2022-02-08,174.83,74774814.0,0.01846673657229414,-0.41791245487223505
2022-02-09,176.28,71217593.0,0.008293771091917757,-0.413084754017489
2022-02-10,172.12,90764833.0,-0.02359882005899705,-0.4269352612973123
2022-02-11,168.64,98631188.0,-0.020218452242621532,-0.438521743348703
2022-02-14,168.88,86100262.0,0.0014231499051233776,-0.43772267562102085
2022-02-15,172.78999,64203708.0,0.023152475130270078,-0.4247045638520217
2022-02-16,172.55,61121390.0,-0.0013889114757167365,-0.4255035982852151
2022-02-17,168.88,69547350.0,-0.02126919733410615,-0.43772267562102074
2022-02-18,167.3,82898855.0,-0.009355755566082369,-0.44298320482826126
2022-02-22,164.32001,91149364.0,-0.017812253436939707,-0.45290492915249225
2022-02-23,160.07001,89927774.0,-0.025864165904079472,-0.46705508683019625
2022-02-24,162.74001,140983936.0,0.016680201369388303,-0.45816545835973277
2022-02-25,164.85001,91860115.0,0.012965465591405545,-0.45114032125386094
2022-02-28,165.12,81954599.0,0.001637791832709068,-0.4502414033547072
2022-03-01,163.2,83253507.0,-0.011627906976744318,-0.4566339451761642
2022-03-02,166.56,79671413.0,0.020588235294117796,-0.44544699698861456
2022-03-03,166.23,76630775.0,-0.001981268011527426,-0.4465457151141775
2022-03-04,163.17,83775499.0,-0.01840822956145105,-0.4567338286421244
2022-03-07,159.3,96323721.0,-0.023717595146166448,-0.4696187957509984
2022-03-08,157.44,131089484.0,-0.01167608286252364,-0.4758115706405348
2022-03-09,162.95,91402342.0,0.03499745934959342,-0.4574663073924997
2022-03-10,158.52,105411877.0,-0.027186253451979003,-0.47221576586596525
2022-03-11,154.73,96838261.0,-0.023908655059298622,-0.48483437706561194
2022-03-14,150.62,108593830.0,-0.026562399017643568,-0.49851841190216806
2022-03-15,155.09,92856471.0,0.0296773336874252,-0.48363577547408876
2022-03-16,159.59,102181908.0,0.02901541040686051,-0.4686532555800492
2022-03-17,160.62,75544632.0,0.006454038473588497,-0.46522392324874684
2022-03-18,163.98,124219966.0,0.020918939110945,-0.45403697506119733
2022-03-21,165.38,95766590.0,0.00853762653982204,-0.44937574664971824
2022-03-22,168.82001,81478947.0,0.020800640948119398,-0.4379224092584527
2022-03-23,170.21001,97978020.0,0.008233621121098267,-0.43329447533562704
2022-03-24,174.07001,90042876.0,0.02267786718301701,-0.42044280271540646
2022-03-25,174.72,80423449.0,0.0037340722850536245,-0.4182786942474227
2022-03-28,175.60001,90285474.0,0.005036687271062323,-0.4153487459514329
2022-03-29,178.96001,100628265.0,0.019134395265695048,-0.4041617977638833
2022-03-30,177.77,91554187.0,-0.006649586128208207,-0.4081238752081291
2022-03-31,174.61,102937700.0,-0.01777577769027394,-0.41864493362261024
2022-04-01,174.31,78686028.0,-0.001718114655518077,-0.41964376828221295
2022-04-04,178.44,76489180.0,0.023693419769376334,-0.40589314446835
2022-04-05,175.06,73320694.0,-0.0189419412687738,-0.41714668163320645
2022-04-06,171.83,88984207.0,-0.01845081686278982,-0.4279008014682615
2022-04-07,172.14,77588799.0,0.0018041087120990174,-0.42686867232000547
2022-04-08,170.09,76506050.0,-0.011908911351225626,-0.4336940424939568
2022-04-11,165.75,72179947.0,-0.02551590334528786,-0.44814385056954176
2022-04-12,167.66,79232266.0,0.011523378582201982,-0.4417846032367384
2022-04-13,170.39999,70544950.0,0.01634253847071454,-0.43266194664018964
2022-04-14,165.28999,75345634.0,-0.029988264670672837,-0.4496754303420879
2022-04-18,165.07001,68976278.0,-0.0013308730915888578,-0.45040784250348587
2022-04-19,167.39999,67643381.0,0.014115101828612087,-0.44265029323621596
2022-04-20,167.23,67855131.0,-0.0010154719841979354,-0.4432162662488355
2022-04-21,166.42,87148299.0,-0.004843628535549871,-0.44591311982976267
2022-04-22,161.78999,84692767.0,-0.027821235428434066,-0.4613285013707854
2022-04-25,162.88,95931478.0,0.006737190601223242,-0.4576993688130738
2022-04-26,156.8,95537097.0,-0.037328094302553905,-0.4779424179143539
2022-04-27,156.57001,87976300.0,-0.0014667729591837375,-0.478708157858894
2022-04-28,163.64,129963420.0,0.045155454738745826,-0.4551689876754138
2022-04-29,157.64999,131513345.0,-0.03660480322659487,-0.47511241967330176
2022-05-02,157.96001,123276849.0,0.0019665082122746202,-0.4740802239360683
2022-05-03,159.48,88921522.0,0.009622625372079696,-0.4690194949552371
2022-05-04,166.02,108101297.0,0.04100827689992492,-0.4472448993758995
2022-05-05,156.77,130334343.0,-0.05571617877364177,-0.4780423013803142
2022-05-06,157.28,116086870.0,0.00325317343879572,-0.47634428245898974
2022-05-09,152.06,131477073.0,-0.033189216683621514,-0.49372400553607565
2022-05-10,154.50999,115274358.0,0.016111995265026824,-0.4855668891104762
2022-05-11,146.5,143047718.0,-0.05184124340439078,-0.5122357412273779
2022-05-12,142.56,182271974.0,-0.02689419795221837,-0.5253537697568259
2022-05-13,147.11,113893068.0,0.03191638608305292,-0.5102047774195191
2022-05-16,145.53999,86589931.0,-0.010672354020800912,-0.515432045432595
2022-05-17,149.24001,78247056.0,0.02542270340955799,-0.5031130180418517
2022-05-18,140.82001,109645289.0,-0.05641918678509883,-0.5311469774880325
2022-05-19,137.35001,135993877.0,-0.0246413844168879,-0.5427001650507697
2022-05-20,137.59,137305862.0,0.001747287823277155,-0.5419011306175763
2022-05-23,143.11,117651275.0,0.040119194708917894,-0.5235225728808877
2022-05-24,140.36,104066288.0,-0.01921598770176791,-0.5326785572605786
2022-05-25,140.52,92421891.0,0.0011399259048161525,-0.5321458454421238
2022-05-26,143.78,90488205.0,0.023199544548818674,-0.5212918421411086
2022-05-27,149.64,91281216.0,0.04075671164278738,-0.5017812717902037
2022-05-31,148.84,103630655.0,-0.00534616412723854,-0.5044448308824774
2022-06-01,148.71001,74218422.0,-0.0008733539371136301,-0.5048776259404832
2022-06-02,151.21001,72281226.0,0.016811242229087364,-0.4965540037771279
2022-06-03,145.38,88480440.0,-0.03855571466465757,-0.5159647239565612
2022-06-06,146.14,81886348.0,0.005227679185582534,-0.5134343428189012
2022-06-07,148.71001,67764304.0,0.017585944984261914,-0.5048776259404832
2022-06-08,147.96001,53922596.0,-0.0050433726687262315,-0.5073747125894899
2022-06-09,142.64,69409964.0,-0.03595572884862619,-0.5250874138475987
2022-06-10,137.13,91519069.0,-0.038628715647784584,-0.5434326770956338
2022-06-13,131.88,122119336.0,-0.038284839203675314,-0.56091228363868
2022-06-14,132.75999,84712677.0,0.006672656960873491,-0.5579824019316675
2022-06-15,135.42999,91439362.0,0.020111480876128462,-0.5490927734612041
2022-06-16,130.06,110623350.0,-0.03965140955854751,-0.5669718805736026
2022-06-17,131.56,134393226.0,0.011533138551437894,-0.5619777072755894
2022-06-21,135.87,80937316.0,0.03276071754332621,-0.5476277826659648
2022-06-22,135.35001,73872881.0,-0.0038271141532347785,-0.5493590627814541
2022-06-23,138.27,72361112.0,0.021573622344025045,-0.5396371053891437
2022-06-24,141.66,89363000.0,0.024517248860924212,-0.5283502737356338
2022-06-27,141.66,73277838.0,0.0,-0.5283502737356338
2022-06-28,137.44,67247929.0,-0.029789637159395754,-0.5424005479473777
2022-06-29,139.23,66190755.0,0.013023864959254894,-0.5364408344784153
2022-06-30,136.72,98896516.0,-0.018027723910076787,-0.5447977511304241
2022-07-01,138.92999,70988509.0,0.016164350497366975,-0.5374397024325065
2022-07-05,141.56,73373342.0,0.01893046994389036,-0.528683218622168
2022-07-06,142.92,73997245.0,0.009607233681830918,-0.5241551681653027
2022-07-07,146.35001,66153835.0,0.023999510215505282,-0.5127351252626906
2022-07-08,147.03999,64494905.0,0.004714587993536856,-0.5104378721345818
2022-07-11,144.87,63275136.0,-0.0147578220047484,-0.5176627428778855
2022-07-12,145.86,77523291.0,0.006833712984054774,-0.5143665885011968
2022-07-13,145.49001,71446967.0,-0.002536610448375165,-0.5155984512868846
2022-07-14,148.47,78082334.0,0.020482437247753227,-0.5056767269626538
2022-07-15,150.17,76365566.0,0.011450124604297063,-0.5000166638915722
2022-07-18,147.07001,81355567.0,-0.020643204368382406,-0.510337922079644
2022-07-19,151.0,82864594.0,0.026721899318562725,-0.49725322133333805
2022-07-20,153.03999,64750969.0,0.013509867549668764,-0.49046117894252883
2022-07-21,155.35001,65031842.0,0.015094224718650295,-0.4827700854746112
2022-07-22,154.09,67019143.0,-0.008110781582827076,-0.4869652243394309
2022-07-25,152.95,53573505.0,-0.007398273736128336,-0.49076079604592093
2022-07-26,151.60001,55072932.0,-0.008826348479895385,-0.49525551871964413
2022-07-27,156.78999,78570897.0,0.03423469431169557,-0.4779757456974958
2022-07-28,157.35001,81315003.0,0.0035717841425975116,-0.4761111877439268
2022-07-29,162.50999,101715994.0,0.03279300713104494,-0.4589312981877387
2022-08-01,161.50999,67732635.0,-0.006153467857575978,-0.46226074705308084
2022-08-02,160.00999,59883537.0,-0.00928735120347668,-0.46725492035109406
2022-08-03,166.13,82430811.0,0.0382476744108291,-0.4468786600007115
2022-08-04,165.81,55426801.0,-0.0019262023716366539,-0.44794408363762095
2022-08-05,165.35001,56640148.0,-0.0027741993848381385,-0.44947559682118976
2022-08-08,164.87,60300410.0,-0.002902993474267035,-0.4510737655710426
2022-08-09,164.92,63039865.0,0.0003032692424334016,-0.45090729312777555
2022-08-10,169.24001,70124555.0,0.026194579189910305,-0.43652404073500883
2022-08-11,168.49001,57101706.0,-0.004431576197614251,-0.43902112738401544
2022-08-12,172.10001,67977348.0,0.021425602621781392,-0.4270018169801304
2022-08-15,173.19,54009353.0,0.0063334685454115025,-0.42337275101139615
2022-08-16,173.03,56307103.0,-0.0009238408684103527,-0.42390546282985087
2022-08-17,174.55,79455081.0,0.008784603825926274,-0.4188447005545307
2022-08-18,174.14999,62216417.0,-0.0022916642795760556,-0.42017651339515627
2022-08-19,171.52,70284760.0,-0.015101867074468367,-0.4289329306165174
2022-08-22,167.57001,68797475.0,-0.023029326026119512,-0.4420842203401302
2022-08-23,167.23,54061645.0,-0.002029062360263678,-0.44321626624883514
2022-08-24,167.53,53883534.0,0.0017939364946482073,-0.44221743158923243
2022-08-25,170.03,51150968.0,0.014922700411866607,-0.4338938094258771
2022-08-26,163.62,78872734.0,-0.037699229547726865,-0.4552355766527202
2022-08-29,161.38,73195139.0,-0.01369025791468037,-0.4626935421110866
2022-08-30,158.91,77860844.0,-0.015305490147477951,-0.4709172808084816
2022-08-31,157.22,87878997.0,-0.010634950600969084,-0.4765440493909098
2022-09-01,157.96001,74168332.0,0.004706843912988257,-0.47408022393606786
2022-09-02,155.81,76958353.0,-0.013611103215301235,-0.48123857229104217
2022-09-06,154.53,73799755.0,-0.008215133816828146,-0.4855002668386801
2022-09-07,155.96001,87352275.0,0.009253931275480465,-0.48073912166675214
2022-09-08,154.46001,84848719.0,-0.009617850114269633,-0.48573329496476536
2022-09-09,157.37,67969274.0,0.018839763120564346,-0.47604463206110836
2022-09-12,163.42999,104720500.0,0.03850791129186004,-0.45586820523162364
2022-09-13,153.84,122512176.0,-0.05867949939910044,-0.487797586555766
2022-09-14,155.31,87787402.0,0.00955538221528851,-0.4829032967237131
2022-09-15,152.37,90366955.0,-0.018929882171141554,-0.49269187638781897
2022-09-16,150.7,164706609.0,-0.010960162761698644,-0.4982520559929404
2022-09-19,154.48,81395534.0,0.02508294625082952,-0.48566673928194715
2022-09-20,156.89999,107551265.0,0.015665393578456754,-0.4776095063223078
2022-09-21,153.72,101576308.0,-0.0202676239813655,-0.48819712041960717
2022-09-22,152.74001,86586249.0,-0.006375162633359244,-0.49145994701315376
2022-09-23,150.42999,95956701.0,-0.015123869639657617,-0.4991510404810714
2022-09-26,150.77,93261935.0,0.0022602540889620215,-0.4980189945723663
2022-09-27,151.75999,84356507.0,0.006566226702924727,-0.4947228734901664
2022-09-28,149.84,146728308.0,-0.01265149002711441,-0.5011153820171346
2022-09-29,142.48,127950013.0,-0.04911906033101987,-0.5256201256660529
2022-09-30,138.2,124767407.0,-0.030039303761931535,-0.5398701668097172
2022-10-03,142.45,114191028.0,0.030752532561505008,-0.5257200091320131
2022-10-04,146.10001,88171071.0,0.025623095823095854,-0.5135674874790257
2022-10-05,146.39999,79321553.0,0.002053251057272387,-0.5125687194084003
2022-10-06,145.42999,68341999.0,-0.0066256835126833336,-0.5157982848077822
2022-10-07,140.09,85849308.0,-0.03671863004322562,-0.5335775084542205
2022-10-10,140.42,74802863.0,0.0023556285245198705,-0.5324787903286576
2022-10-11,138.98,76919340.0,-0.010254949437402017,-0.5372731966947503
2022-10-12,138.34,70405476.0,-0.004604979133688181,-0.5394040439685692
2022-10-13,142.99001,113057116.0,0.03361291022119417,-0.5239220734502397
2022-10-14,138.38,88550087.0,-0.032240084464642105,-0.5392708660139556
2022-10-17,142.41,85143358.0,0.029122705593293885,-0.5258531870866268
2022-10-18,143.75,98997042.0,0.009409451583456185,-0.5213917256070684
2022-10-19,143.86,61736177.0,0.000765217391304418,-0.5210254862318806
2022-10-20,143.39,64461110.0,-0.0032670652022801505,-0.5225903271985916
2022-10-21,147.27,86480961.0,0.027059069670130498,-0.509672065601064
2022-10-24,149.45,75897030.0,0.014802743260677431,-0.5024138670746183
2022-10-25,152.34,74647574.0,0.019337571094011574,-0.49279175985377943
2022-10-26,149.35001,88303418.0,-0.01962708415386638,-0.5027467786666637
2022-10-27,144.8,109030747.0,-0.03046541476629283,-0.5178958042984592
2022-10-28,155.74001,164521288.0,0.0755525552486187,-0.48147160041712755
2022-10-31,153.34,97794140.0,-0.01541036243673033,-0.4894623109884374
2022-11-01,150.64999,80208002.0,-0.01754278074866311,-0.49841856173069643
2022-11-02,145.03,93480964.0,-0.03730494771357107,-0.5171300310594306
2022-11-03,138.88,97831706.0,-0.04240501965110666,-0.5376061415812847
2022-11-04,138.38,140641204.0,-0.0036002304147465525,-0.5392708660139558
2022-11-07,138.92,83263048.0,0.0039022980199450163,-0.5374729636266711
2022-11-08,139.5,90346407.0,0.004175064785488125,-0.5355418832847725
2022-11-09,134.87,74872441.0,-0.03318996415770603,-0.5509572315313066
2022-11-10,146.87,118829416.0,0.08897456810261728,-0.511003845147201
2022-11-11,149.7,93811745.0,0.019268741063525496,-0.5015815048582828
2022-11-14,148.28,73289619.0,-0.009485637942551639,-0.5063093222470686
2022-11-15,150.03999,89743294.0,0.01186936876180189,-0.5004495255385552
2022-11-16,148.78999,64171162.0,-0.008331112258805118,-0.5046113366202328
2022-11-17,150.72,80353102.0,0.012971369915409037,-0.4981854670156338
2022-11-18,151.28999,74784244.0,0.0037817807855624608,-0.4962877144568776
2022-11-21,148.00999,58666564.0,-0.02168021823519195,-0.5072083067351998
2022-11-22,150.17999,51758958.0,0.014661172533016353,-0.49998340269740726
2022-11-23,151.07001,58266962.0,0.005926355435234676,-0.49702012661827555
2022-11-25,148.11,35164869.0,-0.019593630794093264,-0.5068753285541768
2022-11-28,144.22,69323099.0,-0.02626426304773488,-0.5198268846403578
2022-11-29,141.17,83619373.0,-0.021148245735681637,-0.5299817036796513
2022-11-30,148.03,111652809.0,0.04859389388680335,-0.5071416844634041
2022-12-01,148.31,71177750.0,0.0018915084780111169,-0.5062094387811084
2022-12-02,147.81,65462680.0,-0.003371316836356275,-0.5078741632137794
2022-12-05,146.63,68761776.0,-0.007983221703538379,-0.5118029128748831
2022-12-06,142.91,64594488.0,-0.025369978858350906,-0.5241884626539559
2022-12-07,140.94,69605189.0,-0.013784899587152788,-0.5307474769186799
2022-12-08,142.64999,62079882.0,0.012132751525471885,-0.5250541526534334
2022-12-09,142.16,76013252.0,-0.0034349108611925194,-0.5266855493029624
2022-12-12,144.49001,70318843.0,0.016390053460889176,-0.5189279001522266
2022-12-13,145.47,93793305.0,0.006782406617592329,-0.51566507355868
2022-12-14,143.21001,82411409.0,-0.015535780573313951,-0.5231895946998645
2022-12-15,136.5,98851514.0,-0.04685433650901927,-0.5455302298807989
2022-12-16,134.50999,160031047.0,-0.014578827838827912,-0.5521558664173185
2022-12-19,132.37,79511831.0,-0.015909524638281436,-0.5592808536946619
2022-12-20,132.3,77621422.0,-0.0005288207297725611,-0.5595139151152358
2022-12-21,135.45,85867332.0,0.023809523809523725,-0.5490261511894081
2022-12-22,132.23,77913653.0,-0.023772609819121437,-0.5597469765358098
2022-12-23,131.86,63774202.0,-0.002798154730393798,-0.5609788726159863
2022-12-27,130.03,68945851.0,-0.013878355831943079,-0.5670717640395625
2022-12-28,126.04,85375557.0,-0.030685226486195427,-0.5803562650122776
2022-12-29,129.61,75528589.0,0.02832434147889562,-0.5684701325630062
2022-12-30,129.92999,76988230.0,0.002468868142890157,-0.5674047422205853
2023-01-03,125.07,111953221.0,-0.037404682321610316,-0.5835858304116595
2023-01-04,126.36,89022192.0,0.010314224034540631,-0.5792908413753681
2023-01-05,125.02,81128113.0,-0.010604621715732843,-0.5837523028549265
2023-01-06,129.62,87654520.0,0.03679411294192936,-0.5684368380743527
2023-01-09,130.14999,70700396.0,0.004088798024996176,-0.56667226347021
2023-01-10,130.73,63845570.0,0.004456473642448833,-0.5647411498338231
2023-01-11,133.49001,69388116.0,0.021112292511282993,-0.55555183767099
2023-01-12,133.41,71324264.0,-0.0005993706944813493,-0.5558182268747061
2023-01-13,134.75999,57763869.0,0.010119106513754472,-0.5513235042009829
2023-01-17,135.94,63532797.0,0.008756382365418869,-0.5473947212453905
2023-01-18,135.21001,69619034.0,-0.005369942621744839,-0.5498251856226015
2023-01-19,135.27,58233405.0,0.00044368016835449886,-0.5496254519851695
2023-01-20,137.87,80146196.0,0.019220817624011177,-0.5409688849352801
2023-01-23,141.11,81645640.0,0.023500398926525,-0.5301814706115715
2023-01-24,142.53,66392587.0,0.010063071362766518,-0.5254536532227858
2023-01-25,141.86,65749083.0,-0.00470076475128034,-0.5276843839625649
2023-01-26,143.96001,54016754.0,0.014803397716057987,-0.5206925080508579
2023-01-27,145.92999,70442814.0,0.013684216887731582,-0.5141335603751112
2023-01-30,143.0,63959443.0,-0.020078052496268928,-0.523888812256075
2023-01-31,144.28999,65809893.0,0.009020909090909024,-0.5195938565142724
2023-02-01,145.42999,77597193.0,0.007900755970667195,-0.5157982848077822
2023-02-02,150.82001,118121857.0,0.03706264436929407,-0.49785248883461086
2023-02-03,154.5,154029054.0,0.024399879034618932,-0.48560015030464043
2023-02-06,151.73,69844537.0,-0.017928802588996873,-0.49482272366163815
2023-02-07,154.64999,83252504.0,0.01924464509325774,-0.48510076626932774
2023-02-08,151.92,64101046.0,-0.017652700785819708,-0.4941901283772231
2023-02-09,150.87,55951289.0,-0.006911532385465935,-0.4976860496858323
2023-02-10,151.00999,57512746.0,0.0009278849340490503,-0.49721996013917313
2023-02-13,153.85001,62097179.0,0.01880683522990778,-0.4877642587726241
2023-02-14,153.2,61665183.0,-0.004224959101400194,-0.4899284338295852
2023-02-15,155.33,65611726.0,0.013903394255874835,-0.4828367077464063
2023-02-16,153.71001,68101396.0,-0.010429343977338523,-0.48823038161377186
2023-02-17,152.55,59122868.0,-0.007546743377350618,-0.4920925755920573
2023-02-21,148.48,64658637.0,-0.02667977712225511,-0.5056434324739998
2023-02-22,148.91,51062107.0,0.002896012931034475,-0.5042117694619027
2023-02-23,149.39999,48313958.0,0.0032905110469412246,-0.5025803728123737
2023-02-24,146.71001,55422000.0,-0.01800522208870292,-0.5115365236711666
2023-02-27,147.92,44971573.0,0.00824749449611506,-0.5075079238385913
2023-02-28,147.41,50500071.0,-0.0034478096268252267,-0.5092059427599158
2023-03-01,145.31,55362416.0,-0.014245980598331154,-0.5161977853771342
2023-03-02,145.91,52203184.0,0.004129103296400816,-0.514200116057929
2023-03-03,151.03,70657336.0,0.0350901240490713,-0.49715333786737725
2023-03-06,153.83,87408056.0,0.01853936304045556,-0.4878308810444193
2023-03-07,151.60001,56106595.0,-0.014496457127998519,-0.4952555187196437
2023-03-08,152.87,47130186.0,0.008377242191474732,-0.4910271519551479
2023-03-09,150.59,53784564.0,-0.014914633348596884,-0.49861829536812796
2023-03-10,148.5,68503603.0,-0.01387874360847341,-0.5055768434966931
2023-03-13,150.47,84356897.0,0.013265993265993314,-0.499017829231969
2023-03-14,152.59,73605111.0,0.014089187213398136,-0.4919593976374437
2023-03-15,152.99001,77069387.0,0.0026214692968085096,-0.4906275847968181
2023-03-16,155.85001,76132376.0,0.018694031067780115,-0.4811053610419397
2023-03-17,155.0,98767284.0,-0.005454025957393305,-0.48393542587196914
2023-03-20,157.39999,73553685.0,0.015483806451612958,-0.4759447818896366
2023-03-21,159.28,73734393.0,0.011944155777900534,-0.4696853847283048
2023-03-22,157.83,75564534.0,-0.009103465595178273,-0.47451308558305083
2023-03-23,158.92999,68403605.0,0.006969460812266348,-0.47085072512566317
2023-03-24,160.25,59412132.0,0.008305606764337004,-0.4664558193289229
2023-03-27,158.28,52352677.0,-0.012293291731669265,-0.47301483359364693
2023-03-28,157.64999,45899773.0,-0.003980351276219318,-0.4751124196733011
2023-03-29,160.77,51238677.0,0.01979074023410976,-0.464724505918945
2023-03-30,162.36,49371032.0,0.009889904832991236,-0.45943068222305095
2023-03-31,164.89999,68668675.0,0.015644185760039342,-0.45097391539957066
2023-04-03,166.17,56871179.0,0.00770169846583979,-0.44674548204609754
2023-04-04,165.63,46236964.0,-0.00324968405849424,-0.44854338443338226
2023-04-05,163.75999,51438373.0,-0.011290285576284531,-0.4547694871060607
2023-04-06,164.66,45322123.0,0.0054959089824078156,-0.45177294983276406
2023-04-10,162.03,47665360.0,-0.015972306571116257,-0.4605294003486139
2023-04-11,160.8,47580439.0,-0.007591186817256013,-0.46462462245298464
2023-04-12,160.10001,50076865.0,-0.004353171641791165,-0.46695520336423557
2023-04-13,165.56,68370311.0,0.03410362060564531,-0.44877644585395615
2023-04-14,165.21001,49330134.0,-0.0021139768059916797,-0.4499417196623372
2023-04-17,165.23,41457771.0,0.00012099751098593181,-0.4498751639795191
2023-04-18,166.47,49869377.0,0.007504690431519689,-0.44574664738649483
2023-04-19,167.63,48671790.0,0.006968222502552912,-0.441884486702698
2023-04-20,166.64999,52415335.0,-0.005846268567678781,-0.4451473798852219
2023-04-21,165.02,58331160.0,-0.009780918678722994,-0.450574348241241
2023-04-24,165.33,41908798.0,0.0018785601745243685,-0.44954221909298486
2023-04-25,163.77,48644200.0,-0.009435674106332836,-0.45473615932291866
2023-04-26,163.75999,45395607.0,-6.11223056726784e-05,-0.4547694871060608
2023-04-27,168.41,64819133.0,0.028395275305036494,-0.43928751658773113
2023-04-28,169.67999,55205261.0,0.007541060507095798,-0.43505914982323524
2023-05-01,169.59,52403153.0,-0.0005303512806665855,-0.43535876692662734
2023-05-02,168.53999,48369840.0,-0.006191461760717054,-0.43885472152972527
2023-05-03,167.45,65080645.0,-0.006467248514729351,-0.4424837874984595
2023-05-04,165.78999,81141389.0,-0.009913466706479523,-0.44801070590941605
2023-05-05,173.57001,113187883.0,0.046926958617947934,-0.422107527148077
2023-05-08,173.5,55858746.0,-0.0004033530907787686,-0.4223406218631396
2023-05-09,171.77,45246781.0,-0.009971181556195918,-0.4281005684001814
2023-05-10,173.55499,53649691.0,0.01039174477498972,-0.42215753547003443
2023-05-11,173.75,49445230.0,0.0011236208189693286,-0.42150825964680405
2023-05-12,172.57001,45485175.0,-0.006791309352518038,-0.4254369760134191
2023-05-15,172.07001,37224505.0,-0.0028973748103741093,-0.4271017004460902
2023-05-16,172.07001,42037251.0,0.0,-0.4271017004460902
2023-05-17,172.69,58029117.0,0.0036031264251104034,-0.42503747544406667
2023-05-18,175.05,65401597.0,0.013666106896751407,-0.4171799761218592
2023-05-19,175.16,55760319.0,0.0006283918880318762,-0.41681373674667166
2023-05-22,174.2,43589818.0,-0.005480703356930849,-0.42001000765740015
2023-05-23,171.56,50655668.0,-0.015154994259471755,-0.4287997526619033
2023-05-24,171.84,45073756.0,0.0016320820704127659,-0.4278675069796074
2023-05-25,172.99001,56205198.0,0.006692330074487884,-0.42403860748997535
2023-05-26,175.42999,54734200.0,0.014104745123721285,-0.4159148188475179
2023-05-30,177.3,55885562.0,0.010659579927012608,-0.4096887161748394
2023-05-31,177.25,99479797.0,-0.0002820078962211259,-0.40985518861810655
2023-06-01,180.09,68798028.0,0.01602256699576876,-0.4003995538405348
2023-06-02,180.95,61931908.0,0.004775390082736308,-0.3975362278163407
2023-06-05,179.58,121844863.0,-0.0075711522520032215,-0.4020975727618593
2023-06-06,179.21001,64804422.0,-0.002060307383895732,-0.4033294355475472
2023-06-07,177.82001,61850364.0,-0.007756263168558597,-0.40795736947037287
2023-06-08,180.57001,50769526.0,0.015465076174498105,-0.39880138509068197
2023-06-09,180.96001,48847894.0,0.002159827094211364,-0.39750290003319844
2023-06-12,183.78999,54705622.0,0.01563870382191057,-0.3880806263332576
2023-06-13,183.31,54902866.0,-0.002611622101943545,-0.3896787284941331
2023-06-14,183.95,57358510.0,0.003491353444983858,-0.38754788122031414
2023-06-15,186.00999,65373859.0,0.011198640935036641,-0.380689249852198
2023-06-16,184.92,101127445.0,-0.005859846559854165,-0.38431831582093223
2023-06-20,185.00999,49744906.0,0.00048664287259359007,-0.38401869871754
2023-06-21,183.96001,49424718.0,-0.005675261103467832,-0.3875145534371719
2023-06-22,187.0,51205505.0,0.016525276335873196,-0.3773930621810204
2023-06-23,186.67999,53017884.0,-0.0017112834224598528,-0.37845851911241857
2023-06-26,185.27,48059837.0,-0.0075529787632836465,-0.38315300871806235
2023-06-27,188.06,50714621.0,0.015059102930857549,-0.3738638463837579
2023-06-28,189.25,51161040.0,0.006327767733701917,-0.3699018022340008
2023-06-29,189.59,46294909.0,0.001796565389696081,-0.36876978961978457
2023-06-30,193.97,85145179.0,0.02310248430824413,-0.354186803589586
2023-07-03,192.46001,31422166.0,-0.007784657421250674,-0.3592142380817639
2023-07-05,191.33,46868822.0,-0.005871401544663701,-0.3629765485940891
2023-07-06,191.81,45110707.0,0.0025087545079180984,-0.361378413138725
2023-07-07,190.67999,46713157.0,-0.005891298680986368,-0.3651407236510502
2023-07-10,188.61,59803147.0,-0.010855832329338733,-0.3720326495078198
2023-07-11,188.08,46549985.0,-0.002810031281480274,-0.3737972574064511
2023-07-12,189.77,60658515.0,0.008985538068906784,-0.3681704888240229
2023-07-13,190.53999,41301641.0,0.004057490646572015,-0.3656068464921982
2023-07-14,190.69,41571446.0,0.0007872887995847844,-0.3651073958679083
2023-07-17,193.99001,50459073.0,0.017305626933767027,-0.35412018131779044
2023-07-18,193.73,48435053.0,-0.001340326751877674,-0.3549858713172681
2023-07-19,195.10001,80425785.0,0.007071749341867495,-0.35042449307726076
2023-07-20,193.13,59520182.0,-0.010097436694134432,-0.3569835406364734
2023-07-21,191.94,71854669.0,-0.00616165277274372,-0.3609455847862305
2023-07-24,192.75,45467822.0,0.004220068771491059,-0.35824873120530343
2023-07-25,193.62,37474782.0,0.004513618677042919,-0.35535211069245565
2023-07-26,194.5,47485063.0,0.004544985022208348,-0.3524221956909547
2023-07-27,193.22,47409782.0,-0.006580976863753252,-0.3566838902385926
2023-07-28,195.83,48249507.0,0.013507918434944699,-0.3479940287000496
2023-07-31,196.45,38773974.0,0.0031660113363629616,-0.34592977040353756
2023-08-01,195.605,35253767.0,-0.0043013489437515595,-0.3487431546947517
2023-08-02,192.58,50310333.0,-0.015464839855831802,-0.35881473751241155
2023-08-03,191.17,62150972.0,-0.007321632568283443,-0.36350926041254406
2023-08-04,181.99001,115781153.0,-0.0480200345242453,-0.39407356770189617
2023-08-07,178.85001,97398830.0,-0.01725369430992396,-0.4045280371390705
2023-08-08,179.8,67734128.0,0.005311657516821056,-0.401365094011484
2023-08-09,178.19,60281245.0,-0.008954393770856606,-0.4067255066846849
2023-08-10,177.97,54626478.0,-0.0012346371850272542,-0.4074579854350602
2023-08-11,177.78999,51963512.0,-0.001011462606057223,-0.40805731952531044
2023-08-14,179.46001,43616165.0,0.009393217244683116,-0.40249707333121165
2023-08-15,177.45,43561189.0,-0.011200322567685217,-0.4091892988450381
2023-08-16,176.57001,46917768.0,-0.0049590870667792775,-0.41211918055205043
2023-08-17,174.0,65996316.0,-0.014555189751645825,-0.4206758974304684
2023-08-18,174.49001,60207626.0,0.0028161494252874064,-0.419044434191962
2023-08-21,175.84,46262385.0,0.007736775303067489,-0.41454971151823883
2023-08-22,177.23,42003055.0,0.00790491355777978,-0.40992177759541326
2023-08-23,181.12,52653905.0,0.021948879986458447,-0.3969702215092322
2023-08-24,176.38,54860660.0,-0.026170494699646718,-0.412751809130954
2023-08-25,178.61,51398351.0,0.012643156820501211,-0.405327138161241
2023-08-28,180.19,43746567.0,0.008846089244723077,-0.4000666089540005
2023-08-29,184.12,52900748.0,0.02181031133803213,-0.3869818749132059
2023-08-30,187.64999,60722925.0,0.019172224636106794,-0.3752289537130369
2023-08-31,187.87,60621806.0,0.0011724487701811892,-0.37449644166817286
2023-09-01,189.46001,45678978.0,0.008463352318092365,-0.3692025846777902
2023-09-05,189.7,45209261.0,0.0012667053063069034,-0.3684035502445969
2023-09-06,182.91,81566974.0,-0.035793357933579295,-0.39101050804027004
2023-09-07,177.56,112228896.0,-0.02924935760756653,-0.4088230594698504
2023-09-08,178.17999,65494876.0,0.003491721108357826,-0.4067588344678269
2023-09-11,179.36,58866463.0,0.006622573050991898,-0.4028300515122345
2023-09-12,176.3,90291514.0,-0.017060660124888494,-0.4130181650401814
2023-09-13,174.21001,84103194.0,-0.011854736245036857,-0.4199766798742578
2023-09-14,175.74001,61401285.0,0.008782503370500905,-0.41488262311028434
2023-09-15,175.00999,109122707.0,-0.004153977230341721,-0.41731318737096146
2023-09-18,177.97,67123628.0,0.01691337734491616,-0.40745798543506007
2023-09-19,179.07001,51752565.0,0.0061808731808732364,-0.4037955583886951
2023-09-20,175.49001,58333398.0,-0.01999218071189024,-0.4157149853266199
2023-09-21,173.92999,63397044.0,-0.008889508867199969,-0.4209089921455309
2023-09-22,174.78999,56638740.0,0.0049445181937857186,-0.41804566612133676
2023-09-25,176.08,46157936.0,0.007380342547076202,-0.4137506437905567
2023-09-26,171.96001,64456311.0,-0.023398398455247604,-0.4274679398212776
2023-09-27,170.42999,66823289.0,-0.008897533792885937,-0.4325620631742284
2023-09-28,170.69,56169916.0,0.001525611777598579,-0.43169637317475074
2023-09-29,171.21001,51786577.0,0.0030465170777433936,-0.4299650264702841
2023-10-02,173.75,52101655.0,0.014835522759446107,-0.4215082596468037
2023-10-03,172.39999,49531263.0,-0.007769841726618654,-0.42600304890950424
2023-10-04,173.66,52944126.0,0.0073086431153503995,-0.42180791004468454
2023-10-05,174.91,48477111.0,0.007197973050788953,-0.41764609896300686
2023-10-06,177.49001,57185103.0,0.0147505002572752,-0.4090560875959355
2023-10-09,178.99001,42395531.0,0.008451179872039027,-0.40406191429792226
2023-10-10,178.39,43822429.0,-0.0033521982595566824,-0.4060596169116163
2023-10-11,179.8,47498791.0,0.007904030494983116,-0.4013650940114838
2023-10-12,180.71001,56653449.0,0.005061234705228124,-0.39833526224953375
2023-10-13,178.85001,51374913.0,-0.010292733645468899,-0.40452803713907015
2023-10-16,178.72,52450624.0,-0.000726921961033189,-0.40496089878605335
2023-10-17,177.14999,57469826.0,-0.008784747090420764,-0.4101881667991292
2023-10-18,175.84,54696866.0,-0.007394807078453636,-0.4145497115182387
2023-10-19,175.46001,60311356.0,-0.0021609986351227572,-0.41581486879258
2023-10-20,172.88,64401776.0,-0.014704262241863608,-0.4244048801596514
2023-10-23,173.0,55912389.0,0.0006941230911614582,-0.4240053462958103
2023-10-24,173.44,43751776.0,0.0025433526011560126,-0.42254038879505984
2023-10-25,171.10001,57085395.0,-0.013491639760147556,-0.43033126584547177
2023-10-26,166.89,70536316.0,-0.024605550870511417,-0.44434827886305084
2023-10-27,168.22,58406009.0,0.007969321109713157,-0.43992011187214575
2023-10-30,170.28999,51023067.0,0.012305255023183914,-0.4330281860153762
2023-10-31,170.77,44809844.0,0.0028187798942265196,-0.4314300172655232
2023-11-01,173.97,56658327.0,0.018738654330385796,-0.4207757808964284
2023-11-02,177.57001,76616728.0,0.02069328045065233,-0.40878973168670807
2023-11-03,176.64999,79168962.0,-0.005181167698306677,-0.41185289123180013
2023-11-06,179.23,63590578.0,0.01460520886528216,-0.40326287986472875
2023-11-07,181.82001,69861888.0,0.01445076159125147,-0.39463957400900396
2023-11-08,182.89,48874370.0,0.00588488582747293,-0.39107709701757654
2023-11-09,182.41,53374294.0,-0.002624528405052118,-0.39267523247294067
2023-11-10,186.39999,65658606.0,0.021873745956910273,-0.37939076479471423
2023-11-13,184.8,43106228.0,-0.008583637799551291,-0.38471784968477296
2023-11-14,187.44,59397353.0,0.014285714285714235,-0.3759281046802697
2023-11-15,188.00999,54252092.0,0.0030409197609901906,-0.37403035212151337
2023-11-16,189.71001,53739271.0,0.009042179088462499,-0.36837022246145423
2023-11-17,189.69,50465193.0,-0.00010547677478911499,-0.3684368447332498
2023-11-20,191.45,46120831.0,0.009278296167430922,-0.3625770147302477
2023-11-21,190.64,37726804.0,-0.004230869678767291,-0.3652738683111748
2023-11-22,191.31,39158928.0,0.0035144775493076708,-0.3630431375713955
2023-11-24,189.97,23982288.0,-0.0070043385081804965,-0.367504599050954
2023-11-27,189.78999,40023028.0,-0.0009475706690530439,-0.36810393314120426
2023-11-28,190.39999,37932389.0,0.003214078887932903,-0.36607296933334554
2023-11-29,189.37,42556184.0,-0.0054096116286560525,-0.3695022683701593
2023-11-30,189.95,48408184.0,0.003062787136294043,-0.36757118802826083
2023-12-01,191.24001,45184943.0,0.006791313503553775,-0.36327616569748067
2023-12-04,189.42999,42807827.0,-0.00946465125158702,-0.36930253473272734
2023-12-05,193.42,65774280.0,0.021063243470582416,-0.35601800046552357
2023-12-06,192.32001,40462908.0,-0.005687054079205778,-0.3596803609229112
2023-12-07,194.27,46950024.0,0.010139298557648946,-0.3531879689299826
2023-12-08,195.71001,52866421.0,0.0074124157100941,-0.34839352926940137
2023-12-11,193.17999,60209019.0,-0.01292739191010217,-0.3568171014876943
2023-12-12,194.71001,51991385.0,0.007920178482253792,-0.3517229781347435
2023-12-13,197.96001,69834722.0,0.01669148905081963,-0.34090226932238166
2023-12-14,198.11,66850673.0,0.0007576782805780446,-0.34040288528706897
2023-12-15,197.57001,127416284.0,-0.0027257079400333506,-0.3422007543798651
2023-12-18,195.89,55098711.0,-0.008503365465234336,-0.34779426176812855
2023-12-19,196.94,40229887.0,0.005360151105212152,-0.34429834045951924
2023-12-20,194.83,51740699.0,-0.010713923022240168,-0.35132347756539106
2023-12-21,194.67999,46086400.0,-0.0007699532926140895,-0.3518229281896811
2023-12-22,193.60001,36702455.0,-0.005547462787521273,-0.3554186663752733
2023-12-26,193.05,28541150.0,-0.00284096059705774,-0.35724989654570005
2023-12-27,193.14999,47538658.0,0.0005179487179487463,-0.3569169849536544
2023-12-28,193.58,33691704.0,0.002226300917747892,-0.35548528864706863
2023-12-29,192.53,42120662.0,-0.00542411406137,-0.35898120995567784
2024-01-02,185.64,81752737.0,-0.0357866306549629,-0.3819211126378852
2024-01-03,184.25,58136569.0,-0.007487610428786873,-0.38654904656071076
2024-01-04,181.91,71280275.0,-0.012700135685210334,-0.3943399569056114
2024-01-05,181.17999,62064040.0,-0.004013028420647546,-0.3967704878717998
2024-01-08,185.56,58748031.0,0.024174910264648908,-0.3821874685471126
2024-01-09,185.14,42661129.0,-0.0022634188402673727,-0.3835858370705564
2024-01-10,186.19,46552743.0,0.005671383817651643,-0.38008991576194706
2024-01-11,185.59,48864529.0,-0.0032225146355873147,-0.38208758508115237
2024-01-12,185.92,40351273.0,0.0017781130448837335,-0.38098886695558953
2024-01-16,183.63,65458029.0,-0.012317125645438853,-0.388613304857223
2024-01-17,182.67999,47092050.0,-0.00517350106191794,-0.3917763145737867
2024-01-18,188.63,77548114.0,0.032570671807021556,-0.3719660605305124
2024-01-19,191.56,68570886.0,0.015533054127127244,-0.36221077535505986
2024-01-22,193.89,59881026.0,0.012163290874921628,-0.35445315949881273
2024-01-23,195.17999,42079996.0,0.00665320542575687,-0.35015820375701
2024-01-24,194.5,53312311.0,-0.0034839124645923425,-0.352422195690954
2024-01-25,194.17,54347995.0,-0.0016966580976864876,-0.35352091381651696
2024-01-26,192.42,44277670.0,-0.009012720811659936,-0.3593474493308657
2024-01-29,191.73,46863644.0,-0.003585905830994718,-0.36164476904795184
2024-01-30,188.03999,55466305.0,-0.01924586658321603,-0.373930468655553
2024-01-31,184.39999,55250387.0,-0.01935758452231351,-0.3860496625253984
2024-02-01,186.86,63848003.0,0.013340618944719163,-0.377859185022168
2024-02-02,185.85001,101668568.0,-0.005405062613721534,-0.3812218950816749
2024-02-05,187.67999,68644349.0,0.009846542381138468,-0.3751290702470761
2024-02-06,189.3,43168356.0,0.008631767297089032,-0.3697353297907332
2024-02-07,189.41,52425169.0,0.0005810882197569978,-0.36936909041554555
2024-02-08,188.32001,40543899.0,-0.0057546592048993706,-0.3729981563842798
2024-02-09,188.85001,44510858.0,0.0028143583892121793,-0.3712335484856484
2024-02-12,187.14999,41277596.0,-0.009001958750227246,-0.3768936781457073
2024-02-13,185.03999,56069701.0,-0.011274379442927085,-0.3839188152515792
2024-02-14,184.14999,54139130.0,-0.004809771120285911,-0.3868820247417337
2024-02-15,183.86,64755044.0,-0.0015747489315638408,-0.3878475316181943
2024-02-16,182.31,49866412.0,-0.008430327423039286,-0.3930081773594746
2024-02-20,181.56,53201807.0,-0.004113871976304084,-0.3955052640084812
2024-02-21,182.32001,41135120.0,0.004185999118748507,-0.39297484957633255
2024-02-22,184.37,51655137.0,0.011243911186709532,-0.3861495126968698
2024-02-23,182.52,44657400.0,-0.010034170418180777,-0.3923089930977527
2024-02-26,181.16,40464653.0,-0.007451238220469114,-0.39683704355461813
2024-02-27,182.63,53722642.0,0.008114374034003058,-0.39194275372256515
2024-02-28,181.42,48458064.0,-0.006625417510814247,-0.3959713868496292
2024-02-29,180.75,135428998.0,-0.0036930878624186203,-0.3982021175894084
2024-03-01,179.66,72747269.0,-0.006030428769018048,-0.40183121685263135
2024-03-04,175.10001,80724732.0,-0.025381220082377864,-0.41701347038410286
2024-03-05,170.12,94191875.0,-0.02844094640542849,-0.43359415902799536
2024-03-06,169.12,67653146.0,-0.005878203620973466,-0.4369236078933375
2024-03-07,169.0,70362028.0,-0.0007095553453169146,-0.43732314175717857
2024-03-08,170.73,74863367.0,0.010236686390532546,-0.43156319522013664
2024-03-11,172.75,59084259.0,0.01183154688689747,-0.42483770851214553
2024-03-12,173.23,58713250.0,0.002778581765557009,-0.4232395730567814
2024-03-13,171.13,51433531.0,-0.01212261155688965,-0.4302314156739999
2024-03-14,173.0,71480501.0,0.010927365160988689,-0.4240053462958101
2024-03-15,172.62,120263495.0,-0.0021965317919074856,-0.4252705368646401
2024-03-18,173.72,74219823.0,0.006372378635152387,-0.42160814311276373
2024-03-19,176.08,54211960.0,0.01358507943817644,-0.41375064379055626
2024-03-20,178.67,52596436.0,0.014709223080417777,-0.4051273712293203
2024-03-21,171.37,104274564.0,-0.04085744668942737,-0.4294323479463179
2024-03-22,172.28,69703443.0,0.005310147633774909,-0.4264025494788566
2024-03-25,170.85001,53177826.0,-0.008300383097283537,-0.4311636280618072
2024-03-26,169.71001,56296795.0,-0.006672519363621898,-0.4349591997682972
2024-03-27,173.31,59070464.0,0.02121259671129594,-0.4229732171475542
2024-03-28,171.48,64474960.0,-0.010559113726847924,-0.42906610857113037
2024-04-01,170.03,45509534.0,-0.008455796594354914,-0.4338938094258764
2024-04-02,168.84,48815203.0,-0.0069987649238369976,-0.4378558535756336
2024-04-03,169.64999,46820649.0,0.0047973821369344805,-0.43515903328919503
2024-04-04,168.82001,52753534.0,-0.004892307980684296,-0.4379224092584517
2024-04-05,169.58,41391973.0,0.004501776773973676,-0.4353920614152803
2024-04-08,168.45,37093179.0,-0.006663521641703141,-0.43915433863311704
2024-04-09,169.67,41811920.0,0.007242505194419602,-0.4350924110173997
2024-04-10,167.78,49272107.0,-0.011139270348323183,-0.44138506937289634
2024-04-11,175.03999,89587514.0,0.04327089045178201,-0.4172133039050011
2024-04-12,176.55,100511470.0,0.008626657257007508,-0.41218580282384576
2024-04-15,172.69,72471802.0,-0.02186349476069105,-0.42503747544406645
2024-04-16,169.38,72451090.0,-0.01916729399502004,-0.436057951188349
2024-04-17,168.0,50156406.0,-0.008147360963513983,-0.44065259062252116
2024-04-18,167.03999,42706470.0,-0.005714345238095331,-0.44384889482773826
2024-04-19,165.0,66845466.0,-0.012212584543377814,-0.4506409372185475
2024-04-22,165.84,47434012.0,0.005090909090909035,-0.44784420017166016
2024-04-23,166.89999,48699631.0,0.006391642547033172,-0.44431501766888626
2024-04-24,169.02,47513226.0,0.012702277573533705,-0.4372565527798723
2024-04-25,169.89,49766518.0,0.0051473198438052314,-0.43435993226702474
2024-04-26,169.3,44023777.0,-0.003472835364058957,-0.4363243070975765
2024-04-29,173.5,66913206.0,0.024808033077377445,-0.4223406218631396
2024-04-30,170.33,65045569.0,-0.0182708933717578,-0.43289497476627403
2024-05-01,169.3,49565300.0,-0.006047085070157943,-0.4363243070975764
2024-05-02,173.03,92355801.0,0.022031896042528087,-0.4239054628298502
2024-05-03,183.38,160933944.0,0.05981621684101013,-0.3894456670735591
2024-05-06,181.71001,77188265.0,-0.009106718289889737,-0.3950058133841917
2024-05-07,182.39999,76001539.0,0.0037971490948682796,-0.3927085602560829
2024-05-08,182.74001,44238466.0,0.0018641448390430693,-0.3915764810528892
2024-05-09,184.57001,48068127.0,0.010014227316721636,-0.3854835896293132
2024-05-10,183.05,49853118.0,-0.00823541159259833,-0.3905443851991218
2024-05-13,186.28,70645579.0,0.017645452062277966,-0.3797902653640668
2024-05-14,187.42999,51423203.0,0.006173448572042162,-0.37596143246341196
2024-05-15,189.72,69077287.0,0.01221794868579984,-0.3683369612672899
2024-05-16,189.84,51839858.0,0.0006325110689437974,-0.3679374274034488
2024-05-17,189.87,40456720.0,0.00015802781289497858,-0.3678375439374886
2024-05-20,191.03999,43906561.0,0.006162058250381852,-0.3639421220595269
2024-05-21,192.35001,41739170.0,0.006857307729130513,-0.3595804774569513
2024-05-22,190.89999,34264370.0,-0.007538445150067852,-0.3644082449006747
2024-05-23,186.88,50281306.0,-0.021058094345630995,-0.3777925960448615
2024-05-24,189.98,35824575.0,0.016588184931506822,-0.3674713045623009
2024-05-28,189.99001,51647543.0,5.268975681671506e-05,-0.3674379767791587
2024-05-29,190.28999,52408617.0,0.0015789251234838986,-0.3664392087085335
2024-05-30,191.28999,49157183.0,0.005255137172480717,-0.3631097598431915
2024-05-31,192.25,74471734.0,0.005018610749051744,-0.3599134556379744
2024-06-03,194.03,49089276.0,0.009258777633289972,-0.3539870366576654
2024-06-04,194.35001,47316869.0,0.0016492810390145163,-0.35292157972626725
2024-06-05,195.87,53184858.0,0.007820889744230008,-0.3478608507454358
2024-06-06,194.48,40344317.0,-0.0070965436258744186,-0.3524887846682615
2024-06-07,196.89,52269263.0,0.012392019744960958,-0.34446481290278697
2024-06-10,193.12,96067234.0,-0.019147747473208354,-0.35701683512512683
2024-06-11,207.14999,169747405.0,0.07264907829328915,-0.3103047008388653
2024-06-12,213.07001,195115606.0,0.028578422813344107,-0.2905942969670625
2024-06-13,214.24001,95852076.0,0.005491152884444128,-0.28669884179461214
2024-06-14,212.49001,69020228.0,-0.008168408879368538,-0.2925253773089609
2024-06-17,216.67,91882658.0,0.019671465966800028,-0.2786083143463194
2024-06-18,214.28999,78557501.0,-0.010984492546268543,-0.2865324359403223
2024-06-20,209.67999,84556823.0,-0.021512904079187156,-0.3018811952095495
2024-06-21,207.49001,243850836.0,-0.010444391951754617,-0.3091726216356714
2024-06-24,208.14,79306648.0,0.00313263274699338,-0.30700851316768774
2024-06-25,209.07001,55917096.0,0.004468194484481547,-0.303912092428431
2024-06-26,213.25,65196315.0,0.0199932548910291,-0.2899950294657895
2024-06-27,214.10001,48887019.0,0.003985978898007003,-0.28716496463576
2024-06-28,210.62,81196717.0,-0.01625413282325394,-0.2987514799816393
2024-07-01,216.75,59643128.0,0.02910454847592825,-0.278341958437092
2024-07-02,220.27,57884589.0,0.016239907727797043,-0.26662229843108765
2024-07-03,221.55,36741188.0,0.0058110500749080085,-0.26236060388344973
2024-07-05,226.34,59203622.0,0.02162040171518842,-0.2464125438184609
2024-07-08,227.82001,58154972.0,0.006538879561721167,-0.241484926203266
2024-07-09,228.67999,47504694.0,0.0037748220623816664,-0.23862166676804908
2024-07-10,232.98,61910062.0,0.01880361285655119,-0.2243050033525893
2024-07-11,227.57001,63946418.0,-0.02322083440638678,-0.24231728841960154
2024-07-12,230.53999,52435155.0,0.013050840925832086,-0.23242889187851268
2024-07-15,234.39999,62042273.0,0.016743299069285067,-0.2195772192582921
2024-07-16,234.82001,40859203.0,0.001791894274398187,-0.2181787841458711
2024-07-17,228.88,56728814.0,-0.02529601289089456,-0.237955743700492
2024-07-18,224.17999,65247057.0,-0.020534821740650133,-0.2536041866620887
2024-07-19,224.31,48796853.0,0.0005799357917715131,-0.25317132501510564
2024-07-22,223.96001,47733679.0,-0.0015602960189023962,-0.2543365988234867
2024-07-23,225.00999,39828738.0,0.0046882476920766525,-0.25084074410385493
2024-07-24,218.53999,61108984.0,-0.028754278865573912,-0.2723822782626185
2024-07-25,217.49001,50653709.0,-0.0048045211313497704,-0.2758781329822504
2024-07-26,217.96001,41224408.0,0.0021610187980587447,-0.27431329201553967
2024-07-29,218.24001,35884958.0,0.0012846393244339005,-0.2733810463332439
2024-07-30,218.8,41513290.0,0.00256593646600356,-0.27151658826314107
2024-07-31,222.08,49384245.0,0.014990859232175469,-0.26059599598481886
2024-08-01,218.36,61516427.0,-0.016750720461095048,-0.27298154576389155
2024-08-02,219.86,104337028.0,0.006869389998168218,-0.26798737246587834
2024-08-05,209.27,117372828.0,-0.0481670153734195,-0.30324623594985156
2024-08-06,207.23,68686584.0,-0.009748172217709294,-0.3100383116351496
2024-08-07,209.82001,63136440.0,0.012498238672006945,-0.3014150057794248
2024-08-08,213.31,46848084.0,0.01663325628475576,-0.28979526253386934
2024-08-09,216.24001,41964918.0,0.013735924241713882,-0.2800399440639283
2024-08-12,217.53,37839981.0,0.005965547263894422,-0.2757449883221256
2024-08-13,221.27,43848801.0,0.01719303084632018,-0.26329284956574595
2024-08-14,221.72,41571924.0,0.002033714466488812,-0.26179459757634205
2024-08-15,224.72,45971981.0,0.013530579108785856,-0.2518062509803156
2024-08-16,226.05,44008437.0,0.005918476326094657,-0.24737808398941064
2024-08-19,225.89,40338654.0,-0.0007078080070781478,-0.24791079580786546
2024-08-20,226.50999,30104087.0,0.0027446544778431115,-0.24584657080584205
2024-08-21,226.39999,34483244.0,-0.0004856297949595856,-0.2462128101810297
2024-08-22,224.53,43464462.0,-0.008259673509702914,-0.2524388462647309
2024-08-23,226.84,38392140.0,0.010288157484523275,-0.2447478193857905
2024-08-26,227.17999,30373743.0,0.0014988097337329531,-0.24361584006606285
2024-08-27,228.03,35623109.0,0.0037415707254850883,-0.2407857752360334
2024-08-28,226.49001,38938714.0,-0.006753453492961414,-0.24591309319417165
2024-08-29,229.78999,51060159.0,0.014570090751463871,-0.23492597852752006
2024-08-30,229.0,52536466.0,-0.003437878212188439,-0.2375562098366517
2024-09-03,222.77,49688149.0,-0.027205240174672407,-0.2582986762677332
2024-09-04,220.85001,43129064.0,-0.008618709880145459,-0.26469118479470144
2024-09-05,222.38,36231974.0,0.006927733442257944,-0.2595971613252166
2024-09-06,220.82001,47939321.0,-0.007014974368198534,-0.2647910682606617
2024-09-09,220.91,66381414.0,0.00040752647371045114,-0.26449145115726946
2024-09-10,220.11,51030893.0,-0.003621384274138717,-0.26715501024954313
2024-09-11,222.66,44094156.0,0.011585116532642603,-0.2586649156429208
2024-09-12,222.77,36986245.0,0.0004940267672686183,-0.25829867626773306
2024-09-13,222.5,36197617.0,-0.0012120123894600043,-0.2591976274613754
2024-09-16,216.32001,58404874.0,-0.027775235955056155,-0.2797735881547011
2024-09-17,216.78999,44839129.0,0.002172614544535101,-0.2782088137769677
2024-09-18,220.69,59289201.0,0.01798980663267713,-0.26522392990764476
2024-09-19,228.87,66026846.0,0.03706556708505149,-0.23798903818914607
2024-09-20,228.2,315782816.0,-0.0029274260497226257,-0.24021976892892538
2024-09-23,226.47,53766926.0,-0.007581069237510896,-0.2459797154659672
2024-09-24,227.37,43244326.0,0.003974036296198191,-0.2429832114871593
2024-09-25,226.37,41928952.0,-0.004398117605664775,-0.24631266035250143
2024-09-26,227.52,36432229.0,0.005080178468878316,-0.242483794157358
2024-09-27,227.78999,34294521.0,0.0011866649085794378,-0.24158487625820424
2024-09-30,233.0,54188325.0,0.02287198836085813,-0.22423841437528313
2024-10-01,226.21001,62692271.0,-0.029141587982832617,-0.24684533887646753
2024-10-02,226.78,32520510.0,0.002519738184884046,-0.24494758631771119
2024-10-03,225.67,33598473.0,-0.004894611517770597,-0.24864327455824098
2024-10-04,226.8,36988839.0,0.005007311561129102,-0.24488099734040436
2024-10-07,221.69,39039918.0,-0.02253086419753092,-0.26189448104230273
2024-10-08,225.77,31457828.0,0.018404077766250193,-0.24831032967170685
2024-10-09,229.53999,33220574.0,0.016698365593302844,-0.2357583407438557
2024-10-10,229.03999,27896022.0,-0.002178269677540756,-0.23742306517652678
2024-10-11,227.55,31333750.0,-0.006505370525033527,-0.24238391069139786
2024-10-14,231.3,39599217.0,0.016479894528675043,-0.22989847744636482
2024-10-15,233.85001,64089447.0,0.011024686554258478,-0.2214083495452538
2024-10-16,231.78,33882280.0,-0.008851870478859492,-0.2283003419910007
2024-10-17,232.14999,32615969.0,0.001596298213823566,-0.2270684792053127
2024-10-18,235.0,45964572.0,0.012276588941485533,-0.21757951664459907
2024-10-21,236.48,35953283.0,0.006297872340425448,-0.2126519323238928
2024-10-22,235.86,38457273.0,-0.0026217861975641465,-0.2147161906204048
2024-10-23,230.75999,51820670.0,-0.021623039090986285,-0.23169641312813838
2024-10-24,230.57001,31107111.0,-0.0008232796335274628,-0.2323289418235761
2024-10-25,231.41,38655670.0,0.0036431017199505256,-0.22953223807117729
2024-10-28,233.39999,35752652.0,0.008599412298517795,-0.22290666812363513
2024-10-29,233.67,35181349.0,0.0011568552337983817,-0.22200768363550416
2024-10-30,230.10001,46587945.0,-0.015277913296529277,-0.23389378279028694
2024-10-31,225.91,63557692.0,-0.01820951680966898,-0.24784420683055908
2024-11-01,222.91,64711362.0,-0.01327962462927712,-0.2578325534265854
2024-11-04,222.00999,44639093.0,-0.004037548786505751,-0.2608290906998819
2024-11-05,223.45,27750156.0,0.006486239650747239,-0.25603465103930056
2024-11-06,222.72,54165325.0,-0.0032669501006936663,-0.25846514871100035
2024-11-07,227.48,42215843.0,0.021372126436781658,-0.24261697211197175
2024-11-08,226.96001,38104002.0,-0.0022858712853875973,-0.24434825222746093
2024-11-11,224.23,41592541.0,-0.012028594817210414,-0.2534376809243337
2024-11-12,224.23,40060121.0,0.0,-0.2534376809243337
2024-11-13,225.12,48185800.0,0.0039691388306650754,-0.2504744714341791
2024-11-14,228.22,44481739.0,0.01377043354655294,-0.24015317995161856
2024-11-15,225.0,48218604.0,-0.014109192884059207,-0.2508740052980202
2024-11-18,228.02,44292124.0,0.013422222222222224,-0.24081906972468692
2024-11-19,228.28,35873595.0,0.0011402508551880963,-0.23995341301969797
2024-11-20,229.0,34813428.0,0.0031540213772560666,-0.2375562098366516
2024-11-21,228.52,41714455.0,-0.002096069868995576,-0.23915434529201574
2024-11-22,229.87,37811594.0,0.005907579205321145,-0.23465958932380393
2024-11-25,232.87,89417175.0,0.013050854830991332,-0.2246712427277776
2024-11-26,235.06,45552752.0,0.00940438871473348,-0.21737974971267837
2024-11-27,234.92999,33163571.0,-0.0005530928273632663,-0.21781261135966157
2024-11-29,237.33,28465104.0,0.010215851965089673,-0.20982190078835183
2024-12-02,239.59,47729649.0,0.009522605654573857,-0.2022973463526786
2024-12-03,242.64999,38526112.0,0.012771776785341693,-0.1921092661192203
2024-12-04,243.00999,44103177.0,0.0014836184415254472,-0.19091066452769723
2024-12-05,243.03999,39779677.0,0.00012345171488625795,-0.190810781061737
2024-12-06,242.84,36351719.0,-0.0008228686974517396,-0.19147663754031674
2024-12-09,246.75,44269321.0,0.016101136550815243,-0.1784584924768291
2024-12-10,247.77,36630626.0,0.004133738601823644,-0.17506245463418013
2024-12-11,246.49001,44654509.0,-0.005166041086491546,-0.17932411588732944
2024-12-12,247.96001,32519894.0,0.0059637305382072014,-0.17442982605527646
2024-12-13,248.13,33015834.0,0.0006855540939847415,-0.17386385304265695
2024-12-16,251.03999,51375243.0,0.011727683069358674,-0.16417519013900006
2024-12-17,253.48,51015517.0,0.009719606824394766,-0.15605130161307668
2024-12-18,248.05,56385205.0,-0.021421808426700273,-0.17413020895188436
2024-12-19,249.78999,60362649.0,0.007014674460794179,-0.16833700122067774
2024-12-20,254.49001,147167596.0,0.018815886096956946,-0.1526885249645924
2024-12-23,255.27,40570885.0,0.0030649140215759374,-0.15009158814411416
2024-12-24,258.20001,23146511.0,0.011478082030790926,-0.14033626967417312
2024-12-26,259.01999,27065955.0,0.0031757551055089372,-0.13760618819357007
2024-12-27,255.59,42079549.0,-0.013242182582124284,-0.14902616450720496
2024-12-30,252.2,35147648.0,-0.013263429711647623,-0.16031299616071482
2024-12-31,250.42,39145333.0,-0.007057890563045177,-0.1662394151410238
